scenario,iteration,fuzzer_type,algorithm,handover_count_iter,handover_rate,vulnerability_count,vulnerability_severity,cascade_indicator,vulnerabilities,jain_fairness_index,load_efficiency,load_std,load_max,alpha_fairness_a1,alpha_fairness_a2,avg_sinr_db,sinr_5th_percentile_db,avg_high_prio_sinr,worst_high_prio_sinr,num_ues_below_qos,avg_throughput_mbps,throughput_5th_percentile_mbps,avg_transmission_time_ms,has_ping_pong,has_qoe_violation,has_unfairness
Low Load,0,Adaptive_AI,baseline,16,0,2,3,0,"['QoS Violation: Avg High Prio SINR = -6.17 dB (Threshold: 5.0 dB)', 'Unfairness: Jain Index = 0.04']",0.037625650435503546,0.9420820656916689,0.061478650764685026,0.23333333333333334,-30.373165130615234,-186.14588928222656,-4.3969655,-10.0,-6.1747284,-10.0,22,12.8652525,1.8810484409332275,4.048769362270832,False,True,True
Low Load,0,Adaptive_AI,utility,29,0,2,3,0,"['QoS Violation: Avg High Prio SINR = -6.92 dB (Threshold: 5.0 dB)', 'Unfairness: Jain Index = 0.14']",0.13843330481266064,0.8480906157463941,0.17911928446456446,0.8,-55.02000045776367,-245.27247619628906,-7.9649606,-10.0,-6.915764,-10.0,28,4.7159295,1.8810484409332275,5.263195373117924,False,True,True
Low Load,0,Adaptive_AI,ml_based,29,0,2,3,0,"['QoS Violation: Avg High Prio SINR = -5.99 dB (Threshold: 5.0 dB)', 'Unfairness: Jain Index = 0.04']",0.044932596017448985,0.9372571023351605,0.06694310185382074,0.3,-55.18989944458008,-249.25189208984375,-7.9895554,-10.0,-5.992832,-10.0,29,5.2162113,1.8810484409332275,5.343273747712374,False,True,True
Low Load,0,Basic_AI,baseline,24,0,2,3,0,"['QoS Violation: Avg High Prio SINR = -5.53 dB (Threshold: 5.0 dB)', 'Unfairness: Jain Index = 0.04']",0.037977053419599435,0.9438006056152812,0.059545834205182946,0.16666666666666666,-11.60451889038086,-123.9692611694336,-1.679926,-10.0,-5.533482,-10.0,18,17.328428,1.8810484409332275,2.7782495599240065,False,True,True
Low Load,0,Basic_AI,utility,29,0,2,3,0,"['QoS Violation: Avg High Prio SINR = 4.93 dB (Threshold: 5.0 dB)', 'Unfairness: Jain Index = 0.06']",0.05717763404966756,0.9524438137657325,0.04993069989739546,0.16666666666666666,13.961761474609375,-64.86273956298828,2.021172,-8.856373023986816,4.934937,-6.402314,17,26.482555,2.4171275734901427,1.5601455233991146,False,True,True
Low Load,0,Basic_AI,ml_based,29,0,2,3,0,"['QoS Violation: Avg High Prio SINR = -7.76 dB (Threshold: 5.0 dB)', 'Unfairness: Jain Index = 0.07']",0.07202814058424781,0.9524438137657325,0.04993069989739546,0.2,-61.401851654052734,-271.6304931640625,-8.888827,-10.0,-7.763681,-10.0,29,3.6329813,1.8810484409332275,5.80020435154438,False,True,True
Low Load,0,Strategic_Random,baseline,21,0,2,3,0,"['QoS Violation: Avg High Prio SINR = 1.32 dB (Threshold: 5.0 dB)', 'Unfairness: Jain Index = 0.10']",0.09997175265826154,0.9664309532346281,0.03473506995302339,0.13333333333333333,21.71262550354004,-33.3714485168457,3.1432245,-3.615017592906952,1.3234752,-10.0,11,25.959642,7.1405967473983765,0.9201543289236724,False,True,True
Low Load,0,Strategic_Random,utility,23,0,1,1,0,['Unfairness: Jain Index = 0.06'],0.055999043835215666,0.9593945898369228,0.04232399326952568,0.16666666666666666,22.00941276550293,-36.75217056274414,3.1861887,-5.75544593334198,6.6808047,-5.8065386,12,27.511353,4.651203942298889,0.9876980911940336,False,False,True
Low Load,0,Strategic_Random,ml_based,25,0,2,3,0,"['QoS Violation: Avg High Prio SINR = -1.17 dB (Threshold: 5.0 dB)', 'Unfairness: Jain Index = 0.05']",0.048970329134069235,0.9569353720808719,0.045002650310107584,0.16666666666666666,-3.830608367919922,-99.12539672851562,-0.554537,-10.0,-1.1733346,-10.0,21,19.96276,1.8810484409332275,2.2704072762280703,False,True,True
Low Load,0,Naive_Random,baseline,19,0,2,3,0,"['QoS Violation: Avg High Prio SINR = 0.67 dB (Threshold: 5.0 dB)', 'Unfairness: Jain Index = 0.08']",0.07792140162338733,0.9697565448828662,0.031186647078300316,0.1,15.251609802246094,-58.7834587097168,2.207897,-10.0,0.6715917,-10.0,13,24.988037,1.8810484409332275,1.4379163039848208,False,True,True
Low Load,0,Naive_Random,utility,25,0,2,3,0,"['QoS Violation: Avg High Prio SINR = 3.71 dB (Threshold: 5.0 dB)', 'Unfairness: Jain Index = 0.07']",0.06999203938286107,0.9593945898369228,0.042323993269525684,0.13333333333333333,12.449237823486328,-34.598201751708984,1.8022114,-4.804477381706238,3.705477,-4.120944,13,21.335747,5.641206908226013,0.9542269981466234,False,True,True
Low Load,0,Naive_Random,ml_based,21,0,2,3,0,"['QoS Violation: Avg High Prio SINR = 3.70 dB (Threshold: 5.0 dB)', 'Unfairness: Jain Index = 0.05']",0.05077707768404725,0.9606895808301764,0.04091896066558106,0.13333333333333333,12.209723472595215,-83.07931518554688,1.7675384,-10.0,3.6964693,-10.0,13,26.197172,1.8810484409332275,1.9304092274978757,False,True,True
High Load,0,Adaptive_AI,baseline,7,0,2,3,0,"['QoS Violation: Avg High Prio SINR = -8.13 dB (Threshold: 5.0 dB)', 'Unfairness: Jain Index = 0.24']",0.24117175185131556,0.9648973046155367,0.03637972167250478,0.13333333333333333,-62.890403747558594,-268.76715087890625,-9.104318,-10.0,-8.127699,-10.0,29,2.8059916,1.8810484409332275,5.744068417698145,False,True,True
High Load,0,Adaptive_AI,utility,29,0,2,3,0,"['QoS Violation: Avg High Prio SINR = -7.01 dB (Threshold: 5.0 dB)', 'Unfairness: Jain Index = 0.11']",0.11263178391587574,0.8608718073620478,0.16161313618142495,0.7333333333333333,-42.7476692199707,-226.54356384277344,-6.188359,-10.0,-7.0128045,-10.0,26,9.821603,1.8810484409332275,4.872509744018316,False,True,True
High Load,0,Adaptive_AI,ml_based,30,0,2,3,0,"['QoS Violation: Avg High Prio SINR = -9.25 dB (Threshold: 5.0 dB)', 'Unfairness: Jain Index = 0.13']",0.1306980259242111,0.94293369165564,0.06051995898477312,0.2,-58.683006286621094,-250.962890625,-8.495235,-10.0,-9.245917,-10.0,29,3.6577296,1.8810484409332275,5.381129216402769,False,True,True
High Load,0,Basic_AI,baseline,26,0,2,3,0,"['QoS Violation: Avg High Prio SINR = -1.47 dB (Threshold: 5.0 dB)', 'Unfairness: Jain Index = 0.14']",0.1373841916717975,0.9493712499226161,0.05332871632831812,0.2,-21.88336181640625,-112.7441177368164,-3.1679413,-10.0,-1.4733518,-10.0,23,11.331439,1.8810484409332275,2.561132190749049,False,True,True
High Load,0,Basic_AI,utility,25,0,2,3,0,"['QoS Violation: Avg High Prio SINR = -1.04 dB (Threshold: 5.0 dB)', 'Unfairness: Jain Index = 0.24']",0.238510515535839,0.9249340798296491,0.08115812986821316,0.3333333333333333,-17.11233901977539,-117.13814544677734,-2.4772646,-10.0,-1.0421847,-10.0,21,13.5402975,1.8810484409332275,2.644853200763464,False,True,True
High Load,0,Basic_AI,ml_based,28,0,2,3,0,"['QoS Violation: Avg High Prio SINR = -9.83 dB (Threshold: 5.0 dB)', 'Unfairness: Jain Index = 0.03']",0.033551237599263484,0.9503710373150652,0.05222061777592006,0.16666666666666666,-57.440460205078125,-272.5942687988281,-8.315357,-10.0,-9.827834,-10.0,29,6.5693755,1.8810484409332275,5.816389806568623,False,True,True
High Load,0,Strategic_Random,baseline,22,0,1,1,0,['Unfairness: Jain Index = 0.12'],0.11801071763439679,0.9735403128523596,0.027178830499701174,0.1,30.232242584228516,-42.315067291259766,4.3765655,-7.6218763589859,5.4179115,-5.2853417,9,32.01093,3.4494443655014044,1.089895493350923,False,False,True
High Load,0,Strategic_Random,utility,27,0,1,1,0,['Unfairness: Jain Index = 0.22'],0.21904124839901642,0.9634346015125301,0.03795317132067358,0.13333333333333333,20.211671829223633,-38.62968826293945,2.9259386,-6.14231653213501,5.9989676,-5.9625244,12,26.445524,4.296764326095581,1.0256986133754253,False,False,True
High Load,0,Strategic_Random,ml_based,24,0,2,3,0,"['QoS Violation: Avg High Prio SINR = -0.62 dB (Threshold: 5.0 dB)', 'Unfairness: Jain Index = 0.04']",0.041450348203986465,0.9648973046155367,0.03637972167250478,0.1,-7.283217430114746,-123.03514099121094,-1.0543536,-10.0,-0.61611986,-10.0,20,19.806261,1.8810484409332275,2.754209330305457,False,True,True
High Load,0,Naive_Random,baseline,21,0,2,3,0,"['QoS Violation: Avg High Prio SINR = 4.04 dB (Threshold: 5.0 dB)', 'Unfairness: Jain Index = 0.24']",0.2402060386642034,0.9680461752673912,0.03300857495127506,0.13333333333333333,25.39113426208496,-42.386016845703125,3.6757429,-8.576497888565063,4.043801,-2.880678,11,28.738033,2.5975137591362003,1.096039661206305,False,True,True
High Load,0,Naive_Random,utility,23,0,2,3,0,"['QoS Violation: Avg High Prio SINR = 2.84 dB (Threshold: 5.0 dB)', 'Unfairness: Jain Index = 0.16']",0.16449437816265863,0.9648973046155367,0.03637972167250478,0.13333333333333333,32.45667266845703,-29.938297271728516,4.6985846,-5.677706789970398,2.8352718,-5.8687344,11,31.943056,4.729540944099426,0.8376969490200281,False,True,True
High Load,0,Naive_Random,ml_based,28,0,2,3,0,"['QoS Violation: Avg High Prio SINR = -2.52 dB (Threshold: 5.0 dB)', 'Unfairness: Jain Index = 0.08']",0.08261586631186442,0.9535202569726381,0.04874541750684142,0.16666666666666666,0.4764575958251953,-97.8123550415039,0.06897427,-10.0,-2.5239763,-10.0,14,20.595102,1.8810484409332275,2.2394731640815735,False,True,True
High Mobility,0,Adaptive_AI,baseline,24,0,2,3,0,"['QoS Violation: Avg High Prio SINR = -4.44 dB (Threshold: 5.0 dB)', 'Unfairness: Jain Index = 0.10']",0.0951001188865399,0.9569353720808719,0.045002650310107584,0.13333333333333333,-28.720556259155273,-150.16180419921875,-4.1577263,-10.0,-4.441553,-10.0,25,10.647574,1.8810484409332275,3.321525175124407,False,True,True
High Mobility,0,Adaptive_AI,utility,30,0,2,3,0,"['QoS Violation: Avg High Prio SINR = -7.59 dB (Threshold: 5.0 dB)', 'Unfairness: Jain Index = 0.04']",0.036545672529527846,0.8226604931581698,0.21556827915854934,0.9666666666666667,-60.11199951171875,-278.78485107421875,-8.702103,-10.0,-7.590334,-10.0,29,5.0116525,1.8810484409332275,5.943018477410078,False,True,True
High Mobility,0,Adaptive_AI,ml_based,28,0,2,3,0,"['QoS Violation: Avg High Prio SINR = -9.61 dB (Threshold: 5.0 dB)', 'Unfairness: Jain Index = 0.03']",0.03382015257262128,0.958144549334812,0.04368385823855695,0.16666666666666666,-52.64444351196289,-255.0240020751953,-7.6210628,-10.0,-9.612713,-10.0,28,7.315156,1.8810484409332275,5.4580410942435265,False,True,True
High Mobility,0,Basic_AI,baseline,22,0,2,3,0,"['QoS Violation: Avg High Prio SINR = 1.71 dB (Threshold: 5.0 dB)', 'Unfairness: Jain Index = 0.07']",0.06820498559113744,0.9606895808301764,0.04091896066558105,0.16666666666666666,-8.513532638549805,-104.11276245117188,-1.2324595,-10.0,1.7067734,-10.0,19,17.817705,1.8810484409332275,2.374291652813554,False,True,True
High Mobility,0,Basic_AI,utility,29,0,2,3,0,"['QoS Violation: Avg High Prio SINR = -1.74 dB (Threshold: 5.0 dB)', 'Unfairness: Jain Index = 0.08']",0.08032941269147305,0.9280987197119234,0.0774715865467355,0.3333333333333333,-13.388614654541016,-136.63821411132812,-1.9382004,-10.0,-1.7437495,-10.0,20,17.745302,1.8810484409332275,3.0331227462738752,False,True,True
High Mobility,0,Basic_AI,ml_based,28,0,2,3,0,"['QoS Violation: Avg High Prio SINR = -8.23 dB (Threshold: 5.0 dB)', 'Unfairness: Jain Index = 0.16']",0.16278712150530322,0.9593945898369228,0.04232399326952568,0.13333333333333333,-55.094764709472656,-242.69692993164062,-7.975784,-10.0,-8.233132,-10.0,27,4.6123533,1.8810484409332275,5.21122058853507,False,True,True
High Mobility,0,Strategic_Random,baseline,23,0,2,3,0,"['QoS Violation: Avg High Prio SINR = 2.42 dB (Threshold: 5.0 dB)', 'Unfairness: Jain Index = 0.15']",0.1526556538173029,0.9606895808301764,0.04091896066558105,0.16666666666666666,20.718297958374023,-42.71338653564453,2.9992805,-7.176759362220762,2.419596,-10.0,9,26.440561,4.173951768875122,1.108937431126833,False,True,True
High Mobility,0,Strategic_Random,utility,21,0,1,1,0,['Unfairness: Jain Index = 0.05'],0.050741647493315827,0.9648973046155367,0.03637972167250478,0.13333333333333333,32.337242126464844,-32.494163513183594,4.6812954,-5.35852620601654,5.3890224,-6.462943,12,32.847084,5.044891285896301,0.8897663792595267,False,False,True
High Mobility,0,Strategic_Random,ml_based,29,0,2,3,0,"['QoS Violation: Avg High Prio SINR = -3.23 dB (Threshold: 5.0 dB)', 'Unfairness: Jain Index = 0.04']",0.04272315409819187,0.9569353720808719,0.045002650310107584,0.16666666666666666,-6.934826374053955,-103.44400787353516,-1.0039189,-10.0,-3.230445,-10.0,19,17.44445,1.8810484409332275,2.36062565818429,False,True,True
High Mobility,0,Naive_Random,baseline,23,0,2,3,0,"['QoS Violation: Avg High Prio SINR = 0.75 dB (Threshold: 5.0 dB)', 'Unfairness: Jain Index = 0.08']",0.08382106057614314,0.9535202569726381,0.04874541750684143,0.2,17.240705490112305,-37.30351638793945,2.495847,-6.206880879402161,0.75429076,-6.31809,14,24.486683,4.238074541091919,1.002842327579856,False,True,True
High Mobility,0,Naive_Random,utility,25,0,2,3,0,"['QoS Violation: Avg High Prio SINR = 3.78 dB (Threshold: 5.0 dB)', 'Unfairness: Jain Index = 0.14']",0.1409355425944506,0.9697565448828662,0.031186647078300316,0.1,24.924346923828125,-24.64232063293457,3.6081686,-3.4701555967330933,3.7825525,-3.468906,8,26.591492,7.329988265037537,0.7405583164654672,False,True,True
High Mobility,0,Naive_Random,ml_based,27,0,2,3,0,"['QoS Violation: Avg High Prio SINR = -5.03 dB (Threshold: 5.0 dB)', 'Unfairness: Jain Index = 0.21']",0.2127801116027656,0.9664309532346281,0.03473506995302339,0.13333333333333333,-0.2852674722671509,-109.2525634765625,-0.04129684,-10.0,-5.034341,-10.0,18,21.581842,1.8810484409332275,2.4682425428181887,False,True,True
Mixed Mobility,0,Adaptive_AI,baseline,14,0,2,3,0,"['QoS Violation: Avg High Prio SINR = -1.14 dB (Threshold: 5.0 dB)', 'Unfairness: Jain Index = 0.04']",0.039687434289008915,0.9412450192590729,0.06242262061283227,0.2,-30.360233306884766,-182.88873291015625,-4.395094,-10.0,-1.141837,-10.0,24,12.575621,1.8810484409332275,3.982534632086754,False,True,True
Mixed Mobility,0,Adaptive_AI,utility,30,0,2,3,0,"['QoS Violation: Avg High Prio SINR = -6.34 dB (Threshold: 5.0 dB)', 'Unfairness: Jain Index = 0.09']",0.08889103427309486,0.8606040239228573,0.16197458087836897,0.7333333333333333,-41.30195999145508,-218.45277404785156,-5.979072,-10.0,-6.343479,-10.0,24,9.363923,1.8810484409332275,4.709168802946806,False,True,True
Mixed Mobility,0,Adaptive_AI,ml_based,30,0,2,3,0,"['QoS Violation: Avg High Prio SINR = -7.01 dB (Threshold: 5.0 dB)', 'Unfairness: Jain Index = 0.16']",0.15614005344296786,0.9546260632209292,0.047530586611031815,0.16666666666666666,-54.603450775146484,-247.2997589111328,-7.904659,-10.0,-7.00608,-10.0,27,4.78127,1.8810484409332275,5.304077640175819,False,True,True
Mixed Mobility,0,Basic_AI,baseline,19,0,2,3,0,"['QoS Violation: Avg High Prio SINR = -4.25 dB (Threshold: 5.0 dB)', 'Unfairness: Jain Index = 0.06']",0.059306266340464285,0.9404218967564332,0.06335252661497469,0.2,-35.3822135925293,-186.3509063720703,-5.1220994,-10.0,-4.253432,-10.0,25,10.289103,1.8810484409332275,4.056621342897415,False,True,True
Mixed Mobility,0,Basic_AI,utility,24,0,2,3,0,"['QoS Violation: Avg High Prio SINR = 2.00 dB (Threshold: 5.0 dB)', 'Unfairness: Jain Index = 0.09']",0.09002043585641095,0.9249340798296491,0.08115812986821316,0.3333333333333333,-12.822676658630371,-131.45947265625,-1.8562722,-10.0,2.0000925,-9.366342,22,17.969538,1.8810484409332275,2.9280944727361202,False,True,True
Mixed Mobility,0,Basic_AI,ml_based,28,0,2,3,0,"['QoS Violation: Avg High Prio SINR = -5.58 dB (Threshold: 5.0 dB)', 'Unfairness: Jain Index = 0.03']",0.033949540296726706,0.9524438137657325,0.04993069989739546,0.13333333333333333,-49.65785598754883,-248.6208038330078,-7.188711,-10.0,-5.5817776,-10.0,27,8.313523,1.8810484409332275,5.326175596565008,False,True,True
Mixed Mobility,0,Strategic_Random,baseline,23,0,2,3,0,"['QoS Violation: Avg High Prio SINR = 3.73 dB (Threshold: 5.0 dB)', 'Unfairness: Jain Index = 0.17']",0.1696336806173578,0.9593945898369228,0.04232399326952568,0.13333333333333333,21.23118019104004,-36.521995544433594,3.073528,-6.537399888038635,3.73256,-10.0,9,25.779074,3.977433812618256,0.9832249488681555,False,True,True
Mixed Mobility,0,Strategic_Random,utility,27,0,2,3,0,"['QoS Violation: Avg High Prio SINR = 2.61 dB (Threshold: 5.0 dB)', 'Unfairness: Jain Index = 0.08']",0.08157627807108894,0.9664309532346281,0.03473506995302339,0.13333333333333333,20.847524642944336,-33.80752944946289,3.0179887,-5.539330244064331,2.6109517,-6.0583634,15,26.38339,4.862050700187683,0.9291648166254163,False,True,True
Mixed Mobility,0,Strategic_Random,ml_based,27,0,2,3,0,"['QoS Violation: Avg High Prio SINR = 0.57 dB (Threshold: 5.0 dB)', 'Unfairness: Jain Index = 0.28']",0.27740485542127197,0.958144549334812,0.04368385823855695,0.16666666666666666,-19.369033813476562,-127.50764465332031,-2.8039544,-10.0,0.56780607,-10.0,20,12.837617,1.8810484409332275,2.8564773965626955,False,True,True
Mixed Mobility,0,Naive_Random,baseline,23,0,1,2,0,['QoS Violation: Avg High Prio SINR = 0.79 dB (Threshold: 5.0 dB)'],0.44048309047192147,0.9593945898369228,0.04232399326952568,0.16666666666666666,12.341506958007812,-29.1885929107666,1.7866162,-4.055071878433227,0.78929776,-3.3104196,12,20.092579,6.591270542144776,0.8457758813165128,False,True,False
Mixed Mobility,0,Naive_Random,utility,24,0,1,1,0,['Unfairness: Jain Index = 0.21'],0.21047958649818221,0.9606895808301764,0.04091896066558105,0.16666666666666666,31.28215980529785,-30.306610107421875,4.528556,-4.157580292224884,5.564181,-4.618824,14,32.202137,6.417009735107422,0.8471467881463468,False,False,True
Mixed Mobility,0,Naive_Random,ml_based,21,0,2,3,0,"['QoS Violation: Avg High Prio SINR = 2.79 dB (Threshold: 5.0 dB)', 'Unfairness: Jain Index = 0.04']",0.037837134570156666,0.9606895808301764,0.04091896066558105,0.13333333333333333,7.551247596740723,-53.66358947753906,1.093155,-6.812557435035705,2.790187,-6.9046235,12,21.0991,3.7355537533760073,1.3435572618618608,False,True,True
Interference-Heavy,0,Adaptive_AI,baseline,18,0,2,3,0,"['QoS Violation: Avg High Prio SINR = -7.91 dB (Threshold: 5.0 dB)', 'Unfairness: Jain Index = 0.02']",0.02289757727903612,0.9660403515010919,0.03515344720967348,0.13333333333333333,-109.54631042480469,-489.229736328125,-7.9292274,-10.0,-7.905203,-10.0,56,5.0626206,1.8810484409332275,5.249681882560253,False,True,True
Interference-Heavy,0,Adaptive_AI,utility,58,0,2,3,0,"['QoS Violation: Avg High Prio SINR = -6.33 dB (Threshold: 5.0 dB)', 'Unfairness: Jain Index = 0.12']",0.1246892100804019,0.9042728806392226,0.10586087608102168,0.4666666666666667,-89.70413970947266,-380.58514404296875,-6.493002,-10.0,-6.3282456,-10.0,57,6.042678,1.8810484409332275,4.145619925111532,False,True,True
Interference-Heavy,0,Adaptive_AI,ml_based,57,0,1,2,0,['QoS Violation: Avg High Prio SINR = -9.20 dB (Threshold: 5.0 dB)'],0.7425350146871129,0.9634346015125301,0.03795317132067357,0.15,-133.8462371826172,-574.126220703125,-9.688114,-10.0,-9.198228,-10.0,60,2.113488,1.8810484409332275,6.116628646850586,False,True,False
Interference-Heavy,0,Basic_AI,baseline,32,0,2,3,0,"['QoS Violation: Avg High Prio SINR = -3.64 dB (Threshold: 5.0 dB)', 'Unfairness: Jain Index = 0.02']",0.019545600097111662,0.9587642213937457,0.04300930060396935,0.13333333333333333,-65.8749008178711,-369.98504638671875,-4.768184,-10.0,-3.6436884,-10.0,47,11.167377,1.8810484409332275,4.027992952615023,False,True,True
Interference-Heavy,0,Basic_AI,utility,53,0,2,3,0,"['QoS Violation: Avg High Prio SINR = 3.67 dB (Threshold: 5.0 dB)', 'Unfairness: Jain Index = 0.11']",0.10787847479221993,0.9372571023351605,0.06694310185382074,0.2833333333333333,20.06927490234375,-206.0155792236328,1.4526623,-10.0,3.6653428,-10.0,38,29.23744,1.8810484409332275,2.3342412896454334,False,True,True
Interference-Heavy,0,Basic_AI,ml_based,57,0,2,3,0,"['QoS Violation: Avg High Prio SINR = -9.71 dB (Threshold: 5.0 dB)', 'Unfairness: Jain Index = 0.02']",0.023539065586112077,0.970652760062045,0.03023454024493699,0.11666666666666667,-124.79051971435547,-555.058837890625,-9.0326395,-10.0,-9.714206,-10.0,58,3.831804,1.8810484409332275,5.919728893786669,False,True,True
Interference-Heavy,0,Strategic_Random,baseline,42,0,2,3,0,"['QoS Violation: Avg High Prio SINR = 1.85 dB (Threshold: 5.0 dB)', 'Unfairness: Jain Index = 0.20']",0.20185101618971016,0.9664309532346281,0.03473506995302339,0.13333333333333333,19.125001907348633,-100.4762191772461,1.3843138,-8.060925102233886,1.8496246,-10.0,26,21.259068,2.871860694885254,1.2712680036202073,False,True,True
Interference-Heavy,0,Strategic_Random,utility,49,0,1,1,0,['Unfairness: Jain Index = 0.04'],0.04035432114378244,0.9697565448828662,0.031186647078300316,0.11666666666666667,56.03309631347656,-60.85372543334961,4.05581,-5.655139589309693,5.5480385,-5.6353235,19,29.557398,4.748150515556335,0.8536831010133028,False,False,True
Interference-Heavy,0,Strategic_Random,ml_based,52,0,2,3,0,"['QoS Violation: Avg High Prio SINR = 1.28 dB (Threshold: 5.0 dB)', 'Unfairness: Jain Index = 0.05']",0.04527951561775511,0.9751206693301981,0.02551410451271752,0.1,13.398785591125488,-193.02548217773438,0.9698364,-10.0,1.2753221,-10.0,30,24.215725,1.8810484409332275,2.2056621965020895,False,True,True
Interference-Heavy,0,Naive_Random,baseline,44,0,1,1,0,['Unfairness: Jain Index = 0.12'],0.11651669138459009,0.970652760062045,0.03023454024493699,0.15,35.874332427978516,-95.15271759033203,2.5966709,-9.443197202682494,5.213363,-10.0,28,25.816204,2.1257193565368655,1.2093817349523306,False,False,True
Interference-Heavy,0,Naive_Random,utility,52,0,2,3,0,"['QoS Violation: Avg High Prio SINR = 1.32 dB (Threshold: 5.0 dB)', 'Unfairness: Jain Index = 0.06']",0.06218155359052392,0.9725411089311711,0.028234170069177337,0.11666666666666667,45.114044189453125,-71.39281463623047,3.2654636,-5.328805994987488,1.3159989,-6.274935,25,27.71126,5.076528739929199,0.9665353572927415,False,True,True
Interference-Heavy,0,Naive_Random,ml_based,50,0,2,3,0,"['QoS Violation: Avg High Prio SINR = 2.35 dB (Threshold: 5.0 dB)', 'Unfairness: Jain Index = 0.11']",0.11004364219584707,0.9664309532346281,0.03473506995302339,0.15,13.599418640136719,-167.3939666748047,0.98435885,-10.0,2.3522716,-10.0,32,23.241982,1.8810484409332275,1.9475294975563884,False,True,True
Emergency (BS Outage),0,Adaptive_AI,baseline,10,0,2,3,0,"['QoS Violation: Avg High Prio SINR = -4.00 dB (Threshold: 5.0 dB)', 'Unfairness: Jain Index = 0.25']",0.25316699816650634,0.9564417275862845,0.04554200340426488,0.16666666666666666,-47.99549865722656,-227.30618286132812,-6.9480596,-10.0,-4.0011687,-10.0,26,6.273168,1.8810484409332275,4.8950957134366035,False,True,True
Emergency (BS Outage),0,Adaptive_AI,utility,29,0,2,3,0,"['QoS Violation: Avg High Prio SINR = -4.65 dB (Threshold: 5.0 dB)', 'Unfairness: Jain Index = 0.06']",0.06393731076365144,0.8710239510849045,0.14807405554629047,0.6,-27.02001190185547,-194.10943603515625,-3.9115472,-10.0,-4.6461225,-10.0,24,16.354548,1.8810484409332275,4.204442724585533,False,True,True
Emergency (BS Outage),0,Adaptive_AI,ml_based,27,0,2,3,0,"['QoS Violation: Avg High Prio SINR = -8.37 dB (Threshold: 5.0 dB)', 'Unfairness: Jain Index = 0.39']",0.39206165460151704,0.944846474491317,0.05837300238472755,0.2,-62.58440399169922,-268.8931884765625,-9.0600195,-10.0,-8.374869,-10.0,29,2.8030083,1.8810484409332275,5.746615119278431,False,True,True
Emergency (BS Outage),0,Basic_AI,baseline,18,0,2,3,0,"['QoS Violation: Avg High Prio SINR = 0.70 dB (Threshold: 5.0 dB)', 'Unfairness: Jain Index = 0.18']",0.17579432800419545,0.9375,0.06666666666666667,0.2,-14.41967487335205,-124.59817504882812,-2.0874617,-10.0,0.6975984,-10.0,19,15.089013,1.8810484409332275,2.792683895677328,False,True,True
Emergency (BS Outage),0,Basic_AI,utility,28,0,2,3,0,"['QoS Violation: Avg High Prio SINR = -2.59 dB (Threshold: 5.0 dB)', 'Unfairness: Jain Index = 0.15']",0.15486264400878605,0.9029371706614405,0.10749676997731401,0.43333333333333335,-17.008159637451172,-133.40576171875,-2.4621832,-10.0,-2.5853589,-10.0,18,14.90175,1.8810484409332275,2.972137415781617,False,True,True
Emergency (BS Outage),0,Basic_AI,ml_based,24,0,2,3,0,"['QoS Violation: Avg High Prio SINR = -8.68 dB (Threshold: 5.0 dB)', 'Unfairness: Jain Index = 0.04']",0.04303523801756338,0.9415634739272654,0.06206328908341752,0.2,-40.106544494628906,-238.94065856933594,-5.806017,-10.0,-8.680501,-10.0,26,12.895553,1.8810484409332275,5.121121183037758,False,True,True
Emergency (BS Outage),0,Strategic_Random,baseline,17,0,1,1,0,['Unfairness: Jain Index = 0.07'],0.07416758065984272,0.9549817295421015,0.047140452079103175,0.2,31.739500045776367,-42.341590881347656,4.5947638,-8.514970517158508,6.688107,-6.6999345,10,33.071526,2.755364036560059,1.0912526631727815,False,False,True
Emergency (BS Outage),0,Strategic_Random,utility,23,0,1,1,0,['Unfairness: Jain Index = 0.22'],0.21698799315930917,0.9522133233745602,0.05018484351393873,0.16666666666666666,38.91992950439453,-27.690305709838867,5.634238,-5.825510311126709,5.547549,-5.5988355,7,35.651104,4.5881245851516725,0.7871032576076686,False,False,True
Emergency (BS Outage),0,Strategic_Random,ml_based,25,0,2,3,0,"['QoS Violation: Avg High Prio SINR = 0.16 dB (Threshold: 5.0 dB)', 'Unfairness: Jain Index = 0.12']",0.11631295953219287,0.9522133233745602,0.05018484351393873,0.16666666666666666,-1.8147228956222534,-74.35602569580078,-0.26270798,-10.0,0.15695937,-10.0,17,17.422773,1.8810484409332275,1.7687956569716334,False,True,True
Emergency (BS Outage),0,Naive_Random,baseline,28,0,2,3,0,"['QoS Violation: Avg High Prio SINR = 4.44 dB (Threshold: 5.0 dB)', 'Unfairness: Jain Index = 0.20']",0.20059354791495163,0.9611977249044704,0.040368671387966557,0.13333333333333333,17.747177124023438,-34.43852615356445,2.569167,-5.386620545387268,4.438743,-4.078232,12,24.339102,5.016260957717895,0.944403640460223,False,True,True
Emergency (BS Outage),0,Naive_Random,utility,23,0,2,3,0,"['QoS Violation: Avg High Prio SINR = 1.35 dB (Threshold: 5.0 dB)', 'Unfairness: Jain Index = 0.06']",0.06112219657610293,0.9549817295421015,0.04714045207910317,0.13333333333333333,13.467840194702148,-34.81122589111328,1.9496696,-4.768681800365448,1.3533398,-7.458767,14,21.999386,5.882144331932069,0.9578954777680337,False,True,True
Emergency (BS Outage),0,Naive_Random,ml_based,24,0,2,3,0,"['QoS Violation: Avg High Prio SINR = 3.54 dB (Threshold: 5.0 dB)', 'Unfairness: Jain Index = 0.04']",0.040799033655018635,0.9595421505765578,0.042163702135578386,0.13333333333333333,11.947240829467773,-63.62437057495117,1.7295402,-10.0,3.5424957,-10.0,13,23.73396,1.8810484409332275,1.539783552289009,False,True,True
High Cell Overlap,0,Adaptive_AI,baseline,9,0,1,2,0,['QoS Violation: Avg High Prio SINR = -9.77 dB (Threshold: 5.0 dB)'],0.5158574613817047,0.9546260632209292,0.04753058661103181,0.2,-63.550636291503906,-267.20556640625,-9.199896,-10.0,-9.765176,-10.0,30,2.5112636,1.8810484409332275,5.713151302188635,False,True,False
High Cell Overlap,0,Adaptive_AI,utility,29,0,2,3,0,"['QoS Violation: Avg High Prio SINR = -1.68 dB (Threshold: 5.0 dB)', 'Unfairness: Jain Index = 0.07']",0.0746159801960383,0.9141974916152219,0.09385555000066846,0.4,-20.569026947021484,-156.0165252685547,-2.9776714,-10.0,-1.6758422,-10.0,22,15.908542,1.8810484409332275,3.4302871208637953,False,True,True
High Cell Overlap,0,Adaptive_AI,ml_based,27,0,2,3,0,"['QoS Violation: Avg High Prio SINR = -10.00 dB (Threshold: 5.0 dB)', 'Unfairness: Jain Index = 0.04']",0.043193569207625876,0.9474375342298248,0.05547855544155051,0.16666666666666666,-58.18888854980469,-267.6185607910156,-8.423704,-10.0,-10.0,-10.0,28,5.0539446,1.8810484409332275,5.716047249734402,False,True,True
High Cell Overlap,0,Basic_AI,baseline,27,0,2,3,0,"['QoS Violation: Avg High Prio SINR = -4.31 dB (Threshold: 5.0 dB)', 'Unfairness: Jain Index = 0.06']",0.06086504880070795,0.9412450192590729,0.06242262061283226,0.2,-30.872175216674805,-149.85462951660156,-4.469206,-10.0,-4.312135,-10.0,25,9.81549,1.8810484409332275,3.3175537828356028,False,True,True
High Cell Overlap,0,Basic_AI,utility,27,0,2,3,0,"['QoS Violation: Avg High Prio SINR = -3.40 dB (Threshold: 5.0 dB)', 'Unfairness: Jain Index = 0.30']",0.3018374943534234,0.9106471050452812,0.09812022073059343,0.43333333333333335,-34.92259216308594,-142.35391235351562,-5.055563,-10.0,-3.3972929,-10.0,25,7.4546046,1.8810484409332275,3.170301904901862,False,True,True
High Cell Overlap,0,Basic_AI,ml_based,29,0,2,3,0,"['QoS Violation: Avg High Prio SINR = -7.76 dB (Threshold: 5.0 dB)', 'Unfairness: Jain Index = 0.06']",0.06102916493887204,0.931445064868851,0.07360062092422116,0.26666666666666666,-57.207393646240234,-247.07920837402344,-8.281618,-10.0,-7.760828,-10.0,29,4.2666492,1.8810484409332275,5.301148165017366,False,True,True
High Cell Overlap,0,Strategic_Random,baseline,26,0,2,3,0,"['QoS Violation: Avg High Prio SINR = 4.26 dB (Threshold: 5.0 dB)', 'Unfairness: Jain Index = 0.12']",0.12087635095029725,0.9680461752673912,0.03300857495127506,0.13333333333333333,33.71055603027344,-25.838869094848633,4.8801026,-4.724966335296631,4.260121,-4.1701984,8,32.174923,5.755388069152832,0.7553737377747893,False,True,True
High Cell Overlap,0,Strategic_Random,utility,27,0,2,3,0,"['QoS Violation: Avg High Prio SINR = 3.19 dB (Threshold: 5.0 dB)', 'Unfairness: Jain Index = 0.11']",0.11214681558251696,0.9620343380509805,0.039463936418252604,0.16666666666666666,21.047630310058594,-31.56093978881836,3.0469568,-4.526514101028442,3.1900837,-4.247458,11,26.110832,5.968081426620484,0.8851791499182582,False,True,True
High Cell Overlap,0,Strategic_Random,ml_based,26,0,2,3,0,"['QoS Violation: Avg High Prio SINR = 3.21 dB (Threshold: 5.0 dB)', 'Unfairness: Jain Index = 0.15']",0.15282694589905954,0.9593945898369228,0.042323993269525684,0.13333333333333333,18.071367263793945,-70.31756591796875,2.6160986,-10.0,3.2114718,-10.0,12,28.133104,1.8810484409332275,1.6670527402311563,False,True,True
High Cell Overlap,0,Naive_Random,baseline,24,0,1,1,0,['Unfairness: Jain Index = 0.23'],0.23386813632115508,0.9606895808301764,0.04091896066558105,0.13333333333333333,21.595264434814453,-33.693016052246094,3.1262345,-5.0192135095596315,5.5613236,-3.4903505,13,26.581272,5.402820491790772,0.9251211886294186,False,False,True
High Cell Overlap,0,Naive_Random,utility,23,0,2,3,0,"['QoS Violation: Avg High Prio SINR = 4.06 dB (Threshold: 5.0 dB)', 'Unfairness: Jain Index = 0.07']",0.07140217712124719,0.9606895808301764,0.04091896066558105,0.16666666666666666,29.61009979248047,-30.477581024169922,4.286501,-3.9435511231422424,4.0635037,-7.0761957,9,30.835321,6.687329626083374,0.8531113271601498,False,True,True
High Cell Overlap,0,Naive_Random,ml_based,26,0,2,3,0,"['QoS Violation: Avg High Prio SINR = -5.22 dB (Threshold: 5.0 dB)', 'Unfairness: Jain Index = 0.04']",0.040225727917874134,0.9606895808301764,0.04091896066558105,0.13333333333333333,-1.4736900329589844,-107.53710174560547,-0.21333846,-10.0,-5.2230325,-10.0,17,20.924425,1.8810484409332275,2.4366306606680155,False,True,True
Edge Computing,0,Adaptive_AI,baseline,4,0,1,2,0,['QoS Violation: Avg High Prio SINR = -9.68 dB (Threshold: 5.0 dB)'],0.8464034028131502,0.9650849360156323,0.036178229170704006,0.15000000000000002,-89.60733032226562,-384.10009765625,-9.7289915,-10.0,-9.683128,-10.0,40,2.0641003,1.8810484409332275,6.137263961136341,False,True,False
Edge Computing,0,Adaptive_AI,utility,39,0,2,3,0,"['QoS Violation: Avg High Prio SINR = -5.41 dB (Threshold: 5.0 dB)', 'Unfairness: Jain Index = 0.03']",0.034472681053310174,0.8989899524428275,0.11235948442215365,0.5,-47.67744827270508,-238.48033142089844,-5.176513,-10.0,-5.4070983,-10.0,35,9.838816,1.8810484409332275,3.906696103513241,False,True,True
Edge Computing,0,Adaptive_AI,ml_based,36,0,2,3,0,"['QoS Violation: Avg High Prio SINR = -5.66 dB (Threshold: 5.0 dB)', 'Unfairness: Jain Index = 0.03']",0.03177813107991092,0.930082939524006,0.07517293082676683,0.325,-67.62940216064453,-353.90924072265625,-7.3427687,-10.0,-5.6603026,-10.0,36,9.054179,1.8810484409332275,5.664999596774578,False,True,True
Edge Computing,0,Basic_AI,baseline,32,0,2,3,0,"['QoS Violation: Avg High Prio SINR = -2.77 dB (Threshold: 5.0 dB)', 'Unfairness: Jain Index = 0.04']",0.04240131591460985,0.9438006056152812,0.059545834205182946,0.2,-14.886882781982422,-166.875244140625,-1.6163229,-10.0,-2.7689915,-10.0,26,18.312088,1.8810484409332275,2.8009607922285795,False,True,True
Edge Computing,0,Basic_AI,utility,37,0,2,3,0,"['QoS Violation: Avg High Prio SINR = -2.06 dB (Threshold: 5.0 dB)', 'Unfairness: Jain Index = 0.09']",0.09494333234633429,0.9423466004501083,0.061180673355593004,0.225,3.207970142364502,-156.05039978027344,0.34830093,-10.0,-2.0602894,-10.0,28,26.260609,1.8810484409332275,2.623569220304489,False,True,True
Edge Computing,0,Basic_AI,ml_based,38,0,2,3,0,"['QoS Violation: Avg High Prio SINR = -4.69 dB (Threshold: 5.0 dB)', 'Unfairness: Jain Index = 0.09']",0.09135301662084389,0.9589207907411947,0.04283900156868344,0.17500000000000002,-63.16823959350586,-338.0946044921875,-6.8584046,-10.0,-4.688443,-10.0,35,9.808319,1.8810484409332275,5.421762354671955,False,True,True
Edge Computing,0,Strategic_Random,baseline,32,0,2,3,0,"['QoS Violation: Avg High Prio SINR = 2.05 dB (Threshold: 5.0 dB)', 'Unfairness: Jain Index = 0.04']",0.0357752264220196,0.9727871852014445,0.02797406792824908,0.1,14.486580848693848,-71.10578155517578,1.5728602,-6.570121622085571,2.046404,-10.0,23,23.275257,3.969865715503693,1.3325171312317252,False,True,True
Edge Computing,0,Strategic_Random,utility,31,0,2,3,0,"['QoS Violation: Avg High Prio SINR = 2.67 dB (Threshold: 5.0 dB)', 'Unfairness: Jain Index = 0.18']",0.17650439039131685,0.9668266392015946,0.03431159160632973,0.15000000000000002,28.795543670654297,-46.14850616455078,3.1264362,-5.536975336074829,2.6680527,-5.072046,14,26.553198,4.866151809692383,0.9440589928999543,False,True,True
Edge Computing,0,Strategic_Random,ml_based,31,0,2,3,0,"['QoS Violation: Avg High Prio SINR = -1.34 dB (Threshold: 5.0 dB)', 'Unfairness: Jain Index = 0.08']",0.07914376668638494,0.954907368168131,0.04722199590770095,0.15000000000000002,21.22837257385254,-104.21109771728516,2.304841,-10.0,-1.3421128,-10.0,21,28.509716,1.8810484409332275,1.8285677069798112,False,True,True
Edge Computing,0,Naive_Random,baseline,24,0,2,3,0,"['QoS Violation: Avg High Prio SINR = 3.52 dB (Threshold: 5.0 dB)', 'Unfairness: Jain Index = 0.11']",0.11356991072310103,0.9659434741756532,0.035257265807827017,0.1,34.846351623535156,-69.9842529296875,3.7833946,-10.0,3.5209184,-10.0,13,30.32813,1.8810484409332275,1.299152267165482,False,True,True
Edge Computing,0,Naive_Random,utility,32,0,2,3,0,"['QoS Violation: Avg High Prio SINR = 3.47 dB (Threshold: 5.0 dB)', 'Unfairness: Jain Index = 0.07']",0.06871010902984802,0.9596338424428583,0.04206412463985732,0.17500000000000002,36.35810089111328,-46.924713134765625,3.9475312,-6.812218880653381,3.4656272,-4.4712296,14,30.166256,3.7352270126342773,0.9516786667518318,False,True,True
Edge Computing,0,Naive_Random,ml_based,35,0,2,3,0,"['QoS Violation: Avg High Prio SINR = 0.85 dB (Threshold: 5.0 dB)', 'Unfairness: Jain Index = 0.31']",0.3103222986127388,0.9634346015125301,0.03795317132067358,0.125,5.7445807456970215,-93.363037109375,0.62370986,-10.0,0.8497362,-10.0,20,19.839249,1.8810484409332275,1.6748809721320868,False,True,True
