scenario,iteration,fuzzer_type,algorithm,handover_count,handover_rate,vulnerability_count,vulnerabilities_list,jain_fairness_index,avg_sinr_db,sinr_5th_percentile_db,avg_throughput_mbps,throughput_5th_percentile_mbps,avg_transmission_time_ms,load_std,has_ping_pong,has_qoe_violation,has_unfairness
High Mobility,0,AI-Fuzzer,Baseline,17,0.5666666666666667,1,['Unfairness: Jain Index = 0.11'],0.11320833581882221,5.159663,-4.8605982780456545,33.41328,5.579290056228638,0.7740147,0.04993069989739546,False,False,True
High Mobility,1,AI-Fuzzer,Baseline,16,0.5333333333333333,1,['Unfairness: Jain Index = 0.07'],0.06977027656627467,4.498316,-4.664416933059692,30.975128,5.8797935962677,0.77484304,0.045002650310107584,False,False,True
High Mobility,2,AI-Fuzzer,Baseline,21,0.7,1,['Unfairness: Jain Index = 0.16'],0.1614526782393679,8.724053,-3.651631712913513,47.882923,7.09815104007721,0.6525326,0.05108849045109135,False,False,True
High Mobility,3,AI-Fuzzer,Baseline,18,0.6,2,"['Ping-Pong: 20 UEs oscillating', 'Unfairness: Jain Index = 0.10']",0.09723621566638038,7.8379955,-1.2056616365909576,42.177418,11.132868003845214,0.48911634,0.04753058661103181,True,False,True
High Mobility,4,AI-Fuzzer,Baseline,22,0.7333333333333333,2,"['Ping-Pong: 21 UEs oscillating', 'Unfairness: Jain Index = 0.19']",0.19172893007483927,10.529459,-2.2163515508174894,54.1211,9.382366418838501,0.48203513,0.039463936418252604,True,False,True
High Mobility,5,AI-Fuzzer,Baseline,20,0.6666666666666666,3,"['Ping-Pong: 21 UEs oscillating', 'QoS Violation: Avg High Prio SINR = 4.90 dB', 'Unfairness: Jain Index = 0.19']",0.19150769147975846,9.509904,-3.13067934513092,50.78138,7.832247948646546,0.5646846,0.031186647078300316,True,True,True
High Mobility,6,AI-Fuzzer,Baseline,19,0.6333333333333333,2,"['Ping-Pong: 22 UEs oscillating', 'Unfairness: Jain Index = 0.12']",0.12315467700816783,7.737263,-4.258012545108795,44.760067,6.2974343538284305,0.72665024,0.039463936418252604,True,False,True
High Mobility,7,AI-Fuzzer,Baseline,20,0.6666666666666666,2,"['Ping-Pong: 22 UEs oscillating', 'Unfairness: Jain Index = 0.19']",0.19447980269302176,9.491987,-2.785789930820465,51.585285,8.371123147010804,0.72805554,0.03795317132067358,True,False,True
High Mobility,8,AI-Fuzzer,Baseline,16,0.5333333333333333,2,"['Ping-Pong: 21 UEs oscillating', 'Unfairness: Jain Index = 0.13']",0.12690256895485313,8.123935,-3.5035891175270075,44.28573,7.399388623237611,0.5749369,0.042323993269525684,True,False,True
High Mobility,9,AI-Fuzzer,Baseline,20,0.6666666666666666,2,"['Ping-Pong: 21 UEs oscillating', 'Unfairness: Jain Index = 0.12']",0.11847915907873587,7.5159636,-4.299016809463501,42.48909,6.237682342529297,0.6623236,0.06051995898477312,True,False,True
High Mobility,10,AI-Fuzzer,Baseline,21,0.7,2,"['Ping-Pong: 19 UEs oscillating', 'Unfairness: Jain Index = 0.28']",0.28246275301460844,13.381882,-4.64187753200531,66.34403,5.868410301208496,0.4858883,0.05108849045109135,True,False,True
High Mobility,11,AI-Fuzzer,Baseline,18,0.6,2,"['Ping-Pong: 21 UEs oscillating', 'Unfairness: Jain Index = 0.25']",0.25022295310192383,10.976056,-3.3046987175941465,56.273052,7.577775287628174,0.49934235,0.042323993269525684,True,False,True
High Mobility,12,AI-Fuzzer,Baseline,22,0.7333333333333333,2,"['Ping-Pong: 23 UEs oscillating', 'Unfairness: Jain Index = 0.16']",0.16337455174200888,8.714842,-4.233132910728454,47.2284,6.446335005760194,0.5932872,0.039463936418252604,True,False,True
High Mobility,13,AI-Fuzzer,Baseline,21,0.7,2,"['Ping-Pong: 22 UEs oscillating', 'Unfairness: Jain Index = 0.17']",0.16602896229005634,8.91307,-4.195788395404815,48.546597,6.506893849372864,0.71670663,0.03300857495127505,True,False,True
High Mobility,14,AI-Fuzzer,Baseline,20,0.6666666666666666,3,"['Ping-Pong: 20 UEs oscillating', 'QoS Violation: Avg High Prio SINR = 4.86 dB', 'Unfairness: Jain Index = 0.16']",0.15505502095932452,7.094353,-7.215845465660095,43.401672,3.4530889034271244,1.0027136,0.039463936418252604,True,True,True
High Mobility,15,AI-Fuzzer,Baseline,23,0.7666666666666667,3,"['Ping-Pong: 22 UEs oscillating', 'QoS Violation: Avg High Prio SINR = 4.94 dB', 'Unfairness: Jain Index = 0.18']",0.18386920010152386,8.789293,-4.478215622901916,48.07508,6.038112235069275,0.6445453,0.039463936418252604,True,True,True
High Mobility,16,AI-Fuzzer,Baseline,23,0.7666666666666667,2,"['Ping-Pong: 24 UEs oscillating', 'Unfairness: Jain Index = 0.19']",0.18811711507630896,8.640339,-7.041031432151794,48.391544,4.362131834030152,0.8839892,0.031186647078300316,True,False,True
High Mobility,17,AI-Fuzzer,Baseline,20,0.6666666666666666,3,"['Ping-Pong: 25 UEs oscillating', 'QoS Violation: Avg High Prio SINR = 3.76 dB', 'Unfairness: Jain Index = 0.15']",0.1456423091178031,5.644183,-5.153692054748535,35.682415,5.336002445220948,0.78940505,0.045002650310107584,True,True,True
High Mobility,18,AI-Fuzzer,Baseline,20,0.6666666666666666,2,"['Ping-Pong: 22 UEs oscillating', 'Unfairness: Jain Index = 0.11']",0.10514711689070953,7.7957635,-3.595661222934723,43.90062,7.195158433914185,0.6837696,0.03795317132067358,True,False,True
High Mobility,19,AI-Fuzzer,Baseline,19,0.6333333333333333,2,"['Ping-Pong: 21 UEs oscillating', 'Unfairness: Jain Index = 0.16']",0.1649560907877419,8.73694,-5.811367511749268,48.47548,4.715614318847656,0.7614585,0.05222061777592006,True,False,True
High Mobility,0,AI-Fuzzer,Utility,19,0.6333333333333333,1,['Unfairness: Jain Index = 0.14'],0.1421297321581235,8.613904,-1.3537284612655636,45.575054,10.976940298080445,0.4824607,0.04091896066558106,False,False,True
High Mobility,1,AI-Fuzzer,Utility,21,0.7,1,['Unfairness: Jain Index = 0.20'],0.19517921055866483,9.042859,-3.4469557642936706,49.452007,7.366887331008911,0.61662304,0.03473506995302339,False,False,True
High Mobility,2,AI-Fuzzer,Utility,17,0.5666666666666667,1,['Unfairness: Jain Index = 0.26'],0.2619119661995704,10.135275,-2.145656156539917,53.813087,9.401065492630005,0.55684555,0.047530586611031815,False,False,True
High Mobility,3,AI-Fuzzer,Utility,18,0.6,2,"['Ping-Pong: 20 UEs oscillating', 'Unfairness: Jain Index = 0.18']",0.18017609612445618,9.828785,-3.3082914471626284,51.562275,7.561417937278748,0.5312407,0.045002650310107584,True,False,True
High Mobility,4,AI-Fuzzer,Utility,19,0.6333333333333333,2,"['Ping-Pong: 19 UEs oscillating', 'Unfairness: Jain Index = 0.17']",0.17193640840091623,9.896668,-2.050885635614395,51.207386,9.577630996704102,0.48809162,0.04091896066558106,True,False,True
High Mobility,5,AI-Fuzzer,Utility,21,0.7,2,"['Ping-Pong: 21 UEs oscillating', 'Unfairness: Jain Index = 0.12']",0.1229097170570403,8.566946,-3.1433096528053284,45.926716,7.803505611419678,0.5434959,0.03473506995302339,True,False,True
High Mobility,6,AI-Fuzzer,Utility,22,0.7333333333333333,2,"['Ping-Pong: 21 UEs oscillating', 'Unfairness: Jain Index = 0.16']",0.15576583409611208,8.687532,-4.750637340545654,47.60924,5.744036483764649,0.6420848,0.04232399326952568,True,False,True
High Mobility,7,AI-Fuzzer,Utility,20,0.6666666666666666,2,"['Ping-Pong: 22 UEs oscillating', 'Unfairness: Jain Index = 0.23']",0.2251969896565618,7.06858,-2.2908119440078734,38.849014,9.155363702774048,0.5138538,0.04368385823855695,True,False,True
High Mobility,8,AI-Fuzzer,Utility,18,0.6,2,"['Ping-Pong: 20 UEs oscillating', 'Unfairness: Jain Index = 0.18']",0.18402845126218476,9.987756,-2.70487802028656,52.809647,8.481764554977417,0.6068919,0.04368385823855696,True,False,True
High Mobility,9,AI-Fuzzer,Utility,18,0.6,2,"['Ping-Pong: 20 UEs oscillating', 'Unfairness: Jain Index = 0.13']",0.1266695009381012,8.2314205,-2.3400236129760743,44.82655,9.070724296569825,0.55267787,0.05332871632831812,True,False,True
High Mobility,10,AI-Fuzzer,Utility,19,0.6333333333333333,2,"['Ping-Pong: 18 UEs oscillating', 'Unfairness: Jain Index = 0.20']",0.20051098428070394,11.219373,-0.3545238435268402,56.218468,12.89145359992981,0.41165227,0.039463936418252604,True,False,True
High Mobility,11,AI-Fuzzer,Utility,18,0.6,2,"['Ping-Pong: 20 UEs oscillating', 'Unfairness: Jain Index = 0.18']",0.18084185317219978,8.941331,-3.7484383702278135,49.182934,6.968619060516358,0.65056664,0.046283880555343576,True,False,True
High Mobility,12,AI-Fuzzer,Utility,17,0.5666666666666667,2,"['Ping-Pong: 19 UEs oscillating', 'Unfairness: Jain Index = 0.20']",0.1982692609545265,10.555976,-3.6182947754859924,54.575386,7.124062156677246,0.5257312,0.031186647078300316,True,False,True
High Mobility,13,AI-Fuzzer,Utility,19,0.6333333333333333,2,"['Ping-Pong: 20 UEs oscillating', 'Unfairness: Jain Index = 0.25']",0.24928473741607124,10.271083,-5.063868927955627,54.579334,5.358044505119324,0.62744415,0.04368385823855695,True,False,True
High Mobility,14,AI-Fuzzer,Utility,23,0.7666666666666667,2,"['Ping-Pong: 21 UEs oscillating', 'Unfairness: Jain Index = 0.19']",0.1853170130574357,8.2367115,-3.649122679233551,46.349934,7.088850617408752,0.6537455,0.039463936418252604,True,False,True
High Mobility,15,AI-Fuzzer,Utility,22,0.7333333333333333,2,"['Ping-Pong: 23 UEs oscillating', 'Unfairness: Jain Index = 0.20']",0.20223557320532126,9.212426,-3.841727471351623,50.28379,6.87372899055481,0.6396964,0.03795317132067357,True,False,True
High Mobility,16,AI-Fuzzer,Utility,23,0.7666666666666667,2,"['Ping-Pong: 25 UEs oscillating', 'Unfairness: Jain Index = 0.26']",0.2596819060980325,10.491531,-3.1832195520401,54.73083,7.745258784294128,0.54152894,0.04993069989739546,True,False,True
High Mobility,17,AI-Fuzzer,Utility,23,0.7666666666666667,2,"['Ping-Pong: 25 UEs oscillating', 'Unfairness: Jain Index = 0.31']",0.3116823906291043,13.928907,-3.518836987018585,68.07842,7.286519217491151,0.41059935,0.03473506995302339,True,False,True
High Mobility,18,AI-Fuzzer,Utility,20,0.6666666666666666,2,"['Ping-Pong: 25 UEs oscillating', 'Unfairness: Jain Index = 0.27']",0.26789464962931336,10.932177,-4.098324966430664,57.957752,6.496204853057861,0.63730454,0.04993069989739546,True,False,True
High Mobility,19,AI-Fuzzer,Utility,20,0.6666666666666666,3,"['Ping-Pong: 22 UEs oscillating', 'QoS Violation: Avg High Prio SINR = 3.35 dB', 'Unfairness: Jain Index = 0.11']",0.10853428599443649,6.1387315,-2.6178626298904417,36.55099,8.670869708061218,0.62448096,0.03795317132067357,True,True,True
High Mobility,0,AI-Fuzzer,ML-Based,29,0.9666666666666667,1,['QoS Violation: Avg High Prio SINR = -9.49 dB'],0.5146234860104459,-9.250551,-10.0,2.5384665,1.8810487985610962,5.829496,0.10047593728614986,False,True,False
High Mobility,1,AI-Fuzzer,ML-Based,26,0.8666666666666667,2,"['QoS Violation: Avg High Prio SINR = -6.66 dB', 'Unfairness: Jain Index = 0.08']",0.07641767350834883,-8.594033,-10.0,4.7976727,1.8810487985610962,5.8380437,0.08187552203212654,False,True,True
High Mobility,2,AI-Fuzzer,ML-Based,27,0.9,2,"['QoS Violation: Avg High Prio SINR = -9.84 dB', 'Unfairness: Jain Index = 0.03']",0.03428014267471543,-7.6642747,-10.0,8.131421,1.8810487985610962,5.6541724,0.09692089345216234,False,True,True
High Mobility,3,AI-Fuzzer,ML-Based,26,0.8666666666666667,3,"['Ping-Pong: 27 UEs oscillating', 'QoS Violation: Avg High Prio SINR = -7.06 dB', 'Unfairness: Jain Index = 0.04']",0.03508470878832652,-8.3400755,-10.0,6.2128386,1.8810487985610962,5.9002075,0.07594688007688899,True,True,True
High Mobility,4,AI-Fuzzer,ML-Based,26,0.8666666666666667,2,"['Ping-Pong: 28 UEs oscillating', 'QoS Violation: Avg High Prio SINR = -10.00 dB']",0.43041475578247196,-9.619253,-10.0,2.2793572,1.8810487985610962,6.13053,0.04993069989739546,True,True,False
High Mobility,5,AI-Fuzzer,ML-Based,30,1.0,3,"['Ping-Pong: 30 UEs oscillating', 'QoS Violation: Avg High Prio SINR = -6.90 dB', 'Unfairness: Jain Index = 0.15']",0.14713615801652968,-8.490268,-10.0,4.1844873,1.8810487985610962,5.65521,0.06517254603862004,True,True,True
High Mobility,6,AI-Fuzzer,ML-Based,25,0.8333333333333334,3,"['Ping-Pong: 30 UEs oscillating', 'QoS Violation: Avg High Prio SINR = -8.90 dB', 'Unfairness: Jain Index = 0.15']",0.1488206988084703,-9.060879,-10.0,3.4322674,1.8810487985610962,5.986321,0.11098484669427867,True,True,True
High Mobility,7,AI-Fuzzer,ML-Based,30,1.0,3,"['Ping-Pong: 30 UEs oscillating', 'QoS Violation: Avg High Prio SINR = -8.34 dB', 'Unfairness: Jain Index = 0.09']",0.09304986429575464,-7.952061,-10.0,5.719636,1.8810487985610962,5.5151234,0.048745417506841415,True,True,True
High Mobility,8,AI-Fuzzer,ML-Based,27,0.9,3,"['Ping-Pong: 30 UEs oscillating', 'QoS Violation: Avg High Prio SINR = -9.24 dB', 'Unfairness: Jain Index = 0.11']",0.11393657635496565,-9.083661,-10.0,3.2412207,1.8810487985610962,5.9079747,0.06781104593013224,True,True,True
High Mobility,9,AI-Fuzzer,ML-Based,29,0.9666666666666667,3,"['Ping-Pong: 30 UEs oscillating', 'QoS Violation: Avg High Prio SINR = -7.16 dB', 'Unfairness: Jain Index = 0.03']",0.034117532764802394,-8.758199,-10.0,5.5174565,1.8810487985610962,6.0416784,0.03795317132067357,True,True,True
High Mobility,10,AI-Fuzzer,ML-Based,29,0.9666666666666667,2,"['Ping-Pong: 30 UEs oscillating', 'QoS Violation: Avg High Prio SINR = -10.00 dB']",0.9999998410542806,-10.0,-10.0,1.881049,1.8810487985610962,6.3794208,0.06051995898477312,True,True,False
High Mobility,11,AI-Fuzzer,ML-Based,29,0.9666666666666667,3,"['Ping-Pong: 30 UEs oscillating', 'QoS Violation: Avg High Prio SINR = -9.57 dB', 'Unfairness: Jain Index = 0.09']",0.09066916671971423,-8.940283,-10.0,3.3676355,1.8810487985610962,5.768491,0.05547855544155052,True,True,True
High Mobility,12,AI-Fuzzer,ML-Based,28,0.9333333333333333,2,"['Ping-Pong: 29 UEs oscillating', 'QoS Violation: Avg High Prio SINR = -9.99 dB']",0.9221107955611703,-9.758752,-10.0,2.0251782,1.8810487985610962,6.143403,0.05547855544155052,True,True,False
High Mobility,13,AI-Fuzzer,ML-Based,30,1.0,3,"['Ping-Pong: 29 UEs oscillating', 'QoS Violation: Avg High Prio SINR = -7.64 dB', 'Unfairness: Jain Index = 0.04']",0.038072174879545936,-7.4334683,-10.0,9.385028,1.8810487985610962,5.7858224,0.04368385823855695,True,True,True
High Mobility,14,AI-Fuzzer,ML-Based,28,0.9333333333333333,3,"['Ping-Pong: 29 UEs oscillating', 'QoS Violation: Avg High Prio SINR = -6.27 dB', 'Unfairness: Jain Index = 0.03']",0.034692161016099766,-7.209246,-10.0,8.966368,1.8810487985610962,5.5043364,0.1253373410490649,True,True,True
High Mobility,15,AI-Fuzzer,ML-Based,26,0.8666666666666667,3,"['Ping-Pong: 30 UEs oscillating', 'QoS Violation: Avg High Prio SINR = -8.48 dB', 'Unfairness: Jain Index = 0.07']",0.0660529277269408,-8.446681,-10.0,4.1317816,1.8810487985610962,5.486961,0.06242262061283227,True,True,True
High Mobility,16,AI-Fuzzer,ML-Based,30,1.0,3,"['Ping-Pong: 30 UEs oscillating', 'QoS Violation: Avg High Prio SINR = -9.86 dB', 'Unfairness: Jain Index = 0.07']",0.07387570380559477,-8.86677,-10.0,3.9993558,1.8810487985610962,5.917399,0.06781104593013224,True,True,True
High Mobility,17,AI-Fuzzer,ML-Based,29,0.9666666666666667,3,"['Ping-Pong: 29 UEs oscillating', 'QoS Violation: Avg High Prio SINR = -7.81 dB', 'Unfairness: Jain Index = 0.04']",0.04037261432317611,-8.9639635,-10.0,4.232915,1.8810487985610962,5.981984,0.048745417506841415,True,True,True
High Mobility,18,AI-Fuzzer,ML-Based,27,0.9,3,"['Ping-Pong: 30 UEs oscillating', 'QoS Violation: Avg High Prio SINR = -5.47 dB', 'Unfairness: Jain Index = 0.04']",0.03957340737217497,-6.7695613,-10.0,11.082552,1.8810487985610962,5.5547686,0.047530586611031815,True,True,True
High Mobility,19,AI-Fuzzer,ML-Based,30,1.0,2,"['Ping-Pong: 30 UEs oscillating', 'QoS Violation: Avg High Prio SINR = -9.72 dB']",0.9804053370101156,-9.850678,-10.0,1.9557031,1.8810487985610962,6.206203,0.09570653822446216,True,True,False
High Mobility,0,Random-Fuzzer,Baseline,17,0.5666666666666667,1,['Unfairness: Jain Index = 0.12'],0.1205372434926367,8.332772,-3.398565638065338,44.492443,7.435678720474243,0.5218881,0.03473506995302339,False,False,True
High Mobility,1,Random-Fuzzer,Baseline,18,0.6,1,['Unfairness: Jain Index = 0.15'],0.1457505004282316,8.247499,-3.918632292747497,45.801167,6.847757124900818,0.63822967,0.03795317132067357,False,False,True
High Mobility,2,Random-Fuzzer,Baseline,20,0.6666666666666666,1,['Unfairness: Jain Index = 0.21'],0.20662585279881474,10.389115,-1.8922189831733702,53.28902,9.871092653274536,0.47073242,0.04091896066558106,False,False,True
High Mobility,3,Random-Fuzzer,Baseline,13,0.43333333333333335,2,"['Ping-Pong: 19 UEs oscillating', 'Unfairness: Jain Index = 0.26']",0.2617382969109087,11.349856,-4.467463541030884,59.03517,6.059662222862244,0.628888,0.039463936418252604,True,False,True
High Mobility,4,Random-Fuzzer,Baseline,19,0.6333333333333333,2,"['Ping-Pong: 17 UEs oscillating', 'Unfairness: Jain Index = 0.11']",0.11383241537065068,7.4729257,-2.901306486129761,41.894077,8.170654606819152,0.5845757,0.04232399326952568,True,False,True
High Mobility,5,Random-Fuzzer,Baseline,21,0.7,2,"['Ping-Pong: 18 UEs oscillating', 'Unfairness: Jain Index = 0.10']",0.09580721484938233,8.490846,-0.5120972022414207,44.251648,12.55097155570984,0.4429197,0.03300857495127506,True,False,True
High Mobility,6,Random-Fuzzer,Baseline,18,0.6,2,"['Ping-Pong: 22 UEs oscillating', 'Unfairness: Jain Index = 0.21']",0.21285486947983576,10.040481,-5.433464241027831,53.541603,5.134524190425873,0.6896515,0.03473506995302339,True,False,True
High Mobility,7,Random-Fuzzer,Baseline,20,0.6666666666666666,2,"['Ping-Pong: 21 UEs oscillating', 'Unfairness: Jain Index = 0.17']",0.17022593595393454,9.053605,-3.3317518711090086,49.097557,7.54870445728302,0.6333287,0.046283880555343576,True,False,True
High Mobility,8,Random-Fuzzer,Baseline,19,0.6333333333333333,2,"['Ping-Pong: 20 UEs oscillating', 'Unfairness: Jain Index = 0.19']",0.18570398156682852,8.834634,-3.990539312362671,49.63989,6.6306716203689575,0.8090762,0.047530586611031815,True,False,True
High Mobility,9,Random-Fuzzer,Baseline,18,0.6,2,"['Ping-Pong: 21 UEs oscillating', 'Unfairness: Jain Index = 0.25']",0.24587211214258578,10.946065,-1.0704300314188002,55.861412,11.425800752639772,0.47347176,0.03637972167250478,True,False,True
High Mobility,10,Random-Fuzzer,Baseline,16,0.5333333333333333,2,"['Ping-Pong: 19 UEs oscillating', 'Unfairness: Jain Index = 0.11']",0.1120043618126192,6.220504,-3.5214652538299553,37.545467,7.461951017379762,0.67676604,0.03795317132067357,True,False,True
High Mobility,11,Random-Fuzzer,Baseline,21,0.7,2,"['Ping-Pong: 21 UEs oscillating', 'Unfairness: Jain Index = 0.21']",0.21466311222663104,8.466506,-4.551568949222564,48.69237,6.239013457298279,0.8504779,0.03637972167250478,True,False,True
High Mobility,12,Random-Fuzzer,Baseline,18,0.6,2,"['Ping-Pong: 17 UEs oscillating', 'Unfairness: Jain Index = 0.11']",0.11070497406543225,5.1174755,-7.809037351608275,35.597023,3.411149692535401,1.1138344,0.039463936418252604,True,False,True
High Mobility,13,Random-Fuzzer,Baseline,22,0.7333333333333333,2,"['Ping-Pong: 23 UEs oscillating', 'Unfairness: Jain Index = 0.14']",0.1419175560700623,7.14203,-3.0047130346298214,40.820568,8.08081443309784,0.611994,0.045002650310107584,True,False,True
High Mobility,14,Random-Fuzzer,Baseline,22,0.7333333333333333,2,"['Ping-Pong: 25 UEs oscillating', 'Unfairness: Jain Index = 0.23']",0.2257588043969775,9.757304,-2.307557451725006,51.75975,9.12839674949646,0.55333173,0.042323993269525684,True,False,True
High Mobility,15,Random-Fuzzer,Baseline,20,0.6666666666666666,2,"['Ping-Pong: 23 UEs oscillating', 'Unfairness: Jain Index = 0.21']",0.21355601234321106,8.089668,-5.982698726654052,47.34977,4.7304604887962345,0.90142983,0.04874541750684142,True,False,True
High Mobility,16,Random-Fuzzer,Baseline,22,0.7333333333333333,2,"['Ping-Pong: 25 UEs oscillating', 'Unfairness: Jain Index = 0.17']",0.17064967931342923,4.793924,-8.014017343521118,36.155945,3.201061272621155,1.2334162,0.04091896066558106,True,False,True
High Mobility,17,Random-Fuzzer,Baseline,24,0.8,2,"['Ping-Pong: 25 UEs oscillating', 'Unfairness: Jain Index = 0.23']",0.23082486076849032,11.182633,-2.8485471844673156,57.27265,8.251126050949097,0.50372285,0.031186647078300316,True,False,True
High Mobility,18,Random-Fuzzer,Baseline,20,0.6666666666666666,2,"['Ping-Pong: 24 UEs oscillating', 'Unfairness: Jain Index = 0.31']",0.305722876243647,10.335255,-5.727917408943176,56.601505,4.746504426002502,0.7954618,0.045002650310107584,True,False,True
High Mobility,19,Random-Fuzzer,Baseline,18,0.6,3,"['Ping-Pong: 22 UEs oscillating', 'QoS Violation: Avg High Prio SINR = 4.19 dB', 'Unfairness: Jain Index = 0.12']",0.11822799304774786,5.279265,-6.874208950996399,36.027023,3.6897191286087034,1.0122272,0.04500265031010758,True,True,True
High Mobility,0,Random-Fuzzer,Utility,21,0.7,1,['Unfairness: Jain Index = 0.07'],0.06775008811424524,6.009774,-3.7352173089981076,36.06597,6.974640893936157,0.65608406,0.047530586611031815,False,False,True
High Mobility,1,Random-Fuzzer,Utility,21,0.7,1,['Unfairness: Jain Index = 0.20'],0.1962472551356312,4.99588,-4.023988711833954,33.828888,6.5905582189559935,0.79314274,0.047530586611031815,False,False,True
High Mobility,2,Random-Fuzzer,Utility,23,0.7666666666666667,1,['Unfairness: Jain Index = 0.17'],0.16635702104377026,5.43854,-4.188264942169189,34.03962,6.374275636672974,0.69051015,0.0347350699530234,False,False,True
High Mobility,3,Random-Fuzzer,Utility,22,0.7333333333333333,2,"['Ping-Pong: 25 UEs oscillating', 'Unfairness: Jain Index = 0.21']",0.21283297649477595,8.20387,-3.895503842830658,46.54988,6.750389099121094,0.690253,0.05222061777592006,True,False,True
High Mobility,4,Random-Fuzzer,Utility,22,0.7333333333333333,2,"['Ping-Pong: 24 UEs oscillating', 'Unfairness: Jain Index = 0.19']",0.18554937503469776,11.298079,-2.617529535293579,57.030247,8.64662117958069,0.4778322,0.048745417506841415,True,False,True
High Mobility,5,Random-Fuzzer,Utility,24,0.8,2,"['Ping-Pong: 26 UEs oscillating', 'Unfairness: Jain Index = 0.15']",0.15201841750679532,9.1787,-2.5412744164466856,48.3005,8.745594358444214,0.5102891,0.05222061777592006,True,False,True
High Mobility,6,Random-Fuzzer,Utility,18,0.6,3,"['Ping-Pong: 25 UEs oscillating', 'QoS Violation: Avg High Prio SINR = 4.81 dB', 'Unfairness: Jain Index = 0.19']",0.1852297743402543,10.039271,-2.79976372718811,52.22562,8.32652406692505,0.50952536,0.059545834205182946,True,True,True
High Mobility,7,Random-Fuzzer,Utility,18,0.6,2,"['Ping-Pong: 21 UEs oscillating', 'Unfairness: Jain Index = 0.28']",0.28186886841124786,11.668784,-2.3802536725997925,59.491222,9.02166428565979,0.49264663,0.05222061777592006,True,False,True
High Mobility,8,Random-Fuzzer,Utility,25,0.8333333333333334,3,"['Ping-Pong: 23 UEs oscillating', 'QoS Violation: Avg High Prio SINR = 3.51 dB', 'Unfairness: Jain Index = 0.18']",0.18069913681686764,9.198856,-3.1865602970123286,48.880547,7.959671735763551,0.5486116,0.059545834205182946,True,True,True
High Mobility,9,Random-Fuzzer,Utility,21,0.7,2,"['Ping-Pong: 22 UEs oscillating', 'Unfairness: Jain Index = 0.24']",0.24066102925069577,12.0134535,-2.2482150197029114,60.015945,9.239402961730956,0.4392685,0.04232399326952568,True,False,True
High Mobility,10,Random-Fuzzer,Utility,24,0.8,3,"['Ping-Pong: 25 UEs oscillating', 'QoS Violation: Avg High Prio SINR = 4.50 dB', 'Unfairness: Jain Index = 0.20']",0.20231926056664423,8.3839445,-2.927102470397949,47.162167,8.15038995742798,0.6479918,0.04993069989739546,True,True,True
High Mobility,11,Random-Fuzzer,Utility,22,0.7333333333333333,2,"['Ping-Pong: 24 UEs oscillating', 'Unfairness: Jain Index = 0.11']",0.10853290693623995,7.7677126,-5.03520872592926,43.12675,5.680603539943696,0.6535228,0.06517254603862004,True,False,True
High Mobility,12,Random-Fuzzer,Utility,20,0.6666666666666666,3,"['Ping-Pong: 24 UEs oscillating', 'QoS Violation: Avg High Prio SINR = 3.47 dB', 'Unfairness: Jain Index = 0.19']",0.1892582167580669,7.6352205,-5.793787026405335,45.55405,4.614563298225403,0.85055697,0.045002650310107584,True,True,True
High Mobility,13,Random-Fuzzer,Utility,22,0.7333333333333333,2,"['Ping-Pong: 24 UEs oscillating', 'Unfairness: Jain Index = 0.14']",0.1438294034750628,9.249176,-2.5173633098602295,49.001072,8.783150720596314,0.54111993,0.061478650764685026,True,False,True
High Mobility,14,Random-Fuzzer,Utility,21,0.7,2,"['Ping-Pong: 23 UEs oscillating', 'Unfairness: Jain Index = 0.18']",0.1788545093226,8.180729,-4.444530916213989,46.25362,6.062419581413269,0.69943434,0.04368385823855695,True,False,True
High Mobility,15,Random-Fuzzer,Utility,20,0.6666666666666666,2,"['Ping-Pong: 23 UEs oscillating', 'Unfairness: Jain Index = 0.18']",0.1769296273542964,7.5494137,-4.059683489799499,43.776756,6.541733431816101,0.7022612,0.046283880555343576,True,False,True
High Mobility,16,Random-Fuzzer,Utility,22,0.7333333333333333,2,"['Ping-Pong: 22 UEs oscillating', 'Unfairness: Jain Index = 0.15']",0.15357904076737486,9.47385,-1.353332698345184,49.20898,10.874604749679566,0.4758099,0.04232399326952568,True,False,True
High Mobility,17,Random-Fuzzer,Utility,21,0.7,2,"['Ping-Pong: 22 UEs oscillating', 'Unfairness: Jain Index = 0.17']",0.1682465988051883,8.559476,-4.3818764925003055,47.22311,6.135261654853821,0.6597305,0.05652281997749829,True,False,True
High Mobility,18,Random-Fuzzer,Utility,21,0.7,3,"['Ping-Pong: 25 UEs oscillating', 'QoS Violation: Avg High Prio SINR = 3.84 dB', 'Unfairness: Jain Index = 0.06']",0.05781213885386199,3.6581702,-4.159523606300354,27.733896,6.428960919380188,0.80353135,0.060519958984773116,True,True,True
High Mobility,19,Random-Fuzzer,Utility,21,0.7,3,"['Ping-Pong: 25 UEs oscillating', 'QoS Violation: Avg High Prio SINR = 1.90 dB', 'Unfairness: Jain Index = 0.21']",0.20905933861936646,8.6549225,-4.611235642433166,48.939434,5.893774604797364,0.7249244,0.04232399326952568,True,True,True
High Mobility,0,Random-Fuzzer,ML-Based,23,0.7666666666666667,2,"['QoS Violation: Avg High Prio SINR = 0.25 dB', 'Unfairness: Jain Index = 0.05']",0.048811083496887425,2.2178934,-10.0,27.037231,1.8810487985610962,1.9195031,0.039463936418252604,False,True,True
High Mobility,1,Random-Fuzzer,ML-Based,28,0.9333333333333333,1,['QoS Violation: Avg High Prio SINR = -9.73 dB'],0.9639166697486427,-9.891357,-10.0,1.9447291,1.8810487985610962,6.2722745,0.1778085538150165,False,True,False
High Mobility,2,Random-Fuzzer,ML-Based,10,0.3333333333333333,2,"['QoS Violation: Avg High Prio SINR = -9.20 dB', 'Unfairness: Jain Index = 0.05']",0.054185427834947904,-6.4641895,-10.0,12.028336,1.8810487985610962,5.526374,0.18458608333421245,False,True,True
High Mobility,3,Random-Fuzzer,ML-Based,23,0.7666666666666667,2,"['Ping-Pong: 24 UEs oscillating', 'QoS Violation: Avg High Prio SINR = -9.26 dB']",0.5955882690758869,-9.4474535,-10.0,2.3501093,1.8810487985610962,5.970618,0.10502897927786502,True,True,False
High Mobility,4,Random-Fuzzer,ML-Based,21,0.7,3,"['Ping-Pong: 23 UEs oscillating', 'QoS Violation: Avg High Prio SINR = -7.70 dB', 'Unfairness: Jain Index = 0.03']",0.033868218549820875,-7.7146726,-10.0,7.8894696,1.8810487985610962,5.7392373,0.1693868507340534,True,True,True
High Mobility,5,Random-Fuzzer,ML-Based,29,0.9666666666666667,2,"['Ping-Pong: 23 UEs oscillating', 'QoS Violation: Avg High Prio SINR = -9.36 dB']",0.6417108693700013,-9.744696,-10.0,2.1206574,1.8810487985610962,6.2108784,0.10831823888023251,True,True,False
High Mobility,6,Random-Fuzzer,ML-Based,21,0.7,2,"['Ping-Pong: 28 UEs oscillating', 'QoS Violation: Avg High Prio SINR = -10.00 dB']",0.9999998410542806,-10.0,-10.0,1.881049,1.8810487985610962,6.3794208,0.1781371406364072,True,True,False
High Mobility,7,Random-Fuzzer,ML-Based,28,0.9333333333333333,3,"['Ping-Pong: 28 UEs oscillating', 'QoS Violation: Avg High Prio SINR = -4.64 dB', 'Unfairness: Jain Index = 0.07']",0.06742784905183472,-6.1443734,-10.0,12.817013,1.8810487985610962,5.418796,0.07117706236877472,True,True,True
High Mobility,8,Random-Fuzzer,ML-Based,25,0.8333333333333334,3,"['Ping-Pong: 27 UEs oscillating', 'QoS Violation: Avg High Prio SINR = -9.10 dB', 'Unfairness: Jain Index = 0.32']",0.3185354124399716,-9.638038,-10.0,2.342607,1.8810487985610962,6.1922064,0.19234343963039646,True,True,True
High Mobility,9,Random-Fuzzer,ML-Based,28,0.9333333333333333,3,"['Ping-Pong: 29 UEs oscillating', 'QoS Violation: Avg High Prio SINR = -9.38 dB', 'Unfairness: Jain Index = 0.33']",0.3319805956730588,-9.38778,-10.0,2.5756843,1.8810487985610962,6.0251975,0.06694310185382074,True,True,True
High Mobility,10,Random-Fuzzer,ML-Based,26,0.8666666666666667,3,"['Ping-Pong: 29 UEs oscillating', 'QoS Violation: Avg High Prio SINR = -6.67 dB', 'Unfairness: Jain Index = 0.09']",0.0868091571352634,-5.9189267,-10.0,14.838686,1.8810487985610962,5.5877438,0.16904125572555653,True,True,True
High Mobility,11,Random-Fuzzer,ML-Based,27,0.9,3,"['Ping-Pong: 29 UEs oscillating', 'QoS Violation: Avg High Prio SINR = -8.85 dB', 'Unfairness: Jain Index = 0.08']",0.07796125958973917,-7.666807,-10.0,6.60869,1.8810487985610962,5.530321,0.08329177172259102,True,True,True
High Mobility,12,Random-Fuzzer,ML-Based,26,0.8666666666666667,2,"['Ping-Pong: 27 UEs oscillating', 'QoS Violation: Avg High Prio SINR = -9.88 dB']",0.6423923701979696,-9.608615,-10.0,2.1948364,1.8810487985610962,6.0614276,0.13477978116960573,True,True,False
High Mobility,13,Random-Fuzzer,ML-Based,22,0.7333333333333333,2,"['Ping-Pong: 27 UEs oscillating', 'QoS Violation: Avg High Prio SINR = -10.00 dB']",0.999692272334801,-9.986463,-10.0,1.8868859,1.8810487985610962,6.361312,0.11713729110613051,True,True,False
High Mobility,14,Random-Fuzzer,ML-Based,26,0.8666666666666667,3,"['Ping-Pong: 27 UEs oscillating', 'QoS Violation: Avg High Prio SINR = -10.00 dB', 'Unfairness: Jain Index = 0.13']",0.13092053182810562,-9.010545,-10.0,3.5207102,1.8810487985610962,5.946796,0.11307286346892645,True,True,True
High Mobility,15,Random-Fuzzer,ML-Based,25,0.8333333333333334,2,"['Ping-Pong: 27 UEs oscillating', 'QoS Violation: Avg High Prio SINR = -9.74 dB']",0.4633498636089883,-9.323851,-10.0,2.5318284,1.8810487985610962,5.925304,0.07896685919246947,True,True,False
High Mobility,16,Random-Fuzzer,ML-Based,29,0.9666666666666667,3,"['Ping-Pong: 29 UEs oscillating', 'QoS Violation: Avg High Prio SINR = -10.00 dB', 'Unfairness: Jain Index = 0.04']",0.0436818984376137,-9.233157,-10.0,3.8205194,1.8810487985610962,6.173433,0.12298233100576761,True,True,True
High Mobility,17,Random-Fuzzer,ML-Based,27,0.9,3,"['Ping-Pong: 30 UEs oscillating', 'QoS Violation: Avg High Prio SINR = -6.67 dB', 'Unfairness: Jain Index = 0.03']",0.03381795334614325,-7.906392,-10.0,7.518639,1.8810487985610962,5.756551,0.08115812986821316,True,True,True
High Mobility,18,Random-Fuzzer,ML-Based,27,0.9,2,"['Ping-Pong: 28 UEs oscillating', 'QoS Violation: Avg High Prio SINR = -10.00 dB']",0.7084287383074388,-9.624499,-10.0,2.1776075,1.8810487985610962,6.089231,0.09570653822446214,True,True,False
High Mobility,19,Random-Fuzzer,ML-Based,26,0.8666666666666667,2,"['Ping-Pong: 29 UEs oscillating', 'QoS Violation: Avg High Prio SINR = -9.86 dB']",0.9930519871797783,-9.9439,-10.0,1.9087646,1.8810487985610962,6.3142385,0.11358887057009576,True,True,False
Emergency (BS Outage),0,AI-Fuzzer,Baseline,18,0.6,1,['Unfairness: Jain Index = 0.12'],0.11846582247075606,7.821884,-3.0469202280044554,42.85462,7.951438045501709,0.5556649,0.04714045207910317,False,False,True
Emergency (BS Outage),1,AI-Fuzzer,Baseline,19,0.6333333333333333,1,['Unfairness: Jain Index = 0.15'],0.1489514465743142,8.791448,-2.4672931432723995,46.64636,9.04438467025757,0.5147734,0.04216370213557839,False,False,True
Emergency (BS Outage),2,AI-Fuzzer,Baseline,21,0.7,1,['Unfairness: Jain Index = 0.08'],0.08355140914084422,6.0352163,-3.8959853887557983,36.624325,6.777877497673035,0.71084446,0.04714045207910317,False,False,True
Emergency (BS Outage),3,AI-Fuzzer,Baseline,23,0.7666666666666667,2,"['Ping-Pong: 23 UEs oscillating', 'Unfairness: Jain Index = 0.14']",0.13757344012041378,7.82917,-3.1171756029129027,43.336708,7.886157202720643,0.5852896,0.03220305943597653,True,False,True
Emergency (BS Outage),4,AI-Fuzzer,Baseline,22,0.7333333333333333,2,"['Ping-Pong: 24 UEs oscillating', 'Unfairness: Jain Index = 0.17']",0.16838826250619618,8.792199,-3.400198769569397,48.325333,7.429168033599853,0.6482528,0.04554200340426489,True,False,True
Emergency (BS Outage),5,AI-Fuzzer,Baseline,19,0.6333333333333333,2,"['Ping-Pong: 23 UEs oscillating', 'Unfairness: Jain Index = 0.21']",0.21274539131189957,10.534164,-4.326876485347747,54.62493,6.226347923278809,0.54599446,0.043885372573625556,True,False,True
Emergency (BS Outage),6,AI-Fuzzer,Baseline,18,0.6,2,"['Ping-Pong: 21 UEs oscillating', 'Unfairness: Jain Index = 0.21']",0.21304615799255167,10.357818,-4.575344157218932,54.67664,6.01441297531128,0.608981,0.04216370213557839,True,False,True
Emergency (BS Outage),7,AI-Fuzzer,Baseline,16,0.5333333333333333,2,"['Ping-Pong: 19 UEs oscillating', 'Unfairness: Jain Index = 0.25']",0.24779739942682882,11.547567,-4.2440464973449705,59.315624,6.3634603977203374,0.54707026,0.03220305943597653,True,False,True
Emergency (BS Outage),8,AI-Fuzzer,Baseline,20,0.6666666666666666,2,"['Ping-Pong: 18 UEs oscillating', 'Unfairness: Jain Index = 0.13']",0.1307394989178037,8.894229,-2.674280309677124,46.879604,8.525720405578614,0.5033161,0.04868644955601477,True,False,True
Emergency (BS Outage),9,AI-Fuzzer,Baseline,21,0.7,2,"['Ping-Pong: 18 UEs oscillating', 'Unfairness: Jain Index = 0.25']",0.24967414945479668,11.237457,-2.9638229608535767,57.800777,8.072940921783447,0.5230112,0.03442651863295482,True,False,True
Emergency (BS Outage),10,AI-Fuzzer,Baseline,19,0.6333333333333333,2,"['Ping-Pong: 24 UEs oscillating', 'Unfairness: Jain Index = 0.20']",0.20126910208493978,9.344981,-6.1688378810882565,51.779392,4.859053039550782,0.847571,0.0596284793999944,True,False,True
Emergency (BS Outage),11,AI-Fuzzer,Baseline,18,0.6,2,"['Ping-Pong: 23 UEs oscillating', 'Unfairness: Jain Index = 0.21']",0.2099480062549365,8.363947,-4.225892901420593,47.498394,6.330780434608459,0.710853,0.04868644955601477,True,False,True
Emergency (BS Outage),12,AI-Fuzzer,Baseline,18,0.6,2,"['Ping-Pong: 21 UEs oscillating', 'Unfairness: Jain Index = 0.17']",0.17042835621179425,8.197217,-4.84969789981842,46.528416,5.648644065856934,0.72066694,0.0557773351022717,True,False,True
Emergency (BS Outage),13,AI-Fuzzer,Baseline,17,0.5666666666666667,2,"['Ping-Pong: 19 UEs oscillating', 'Unfairness: Jain Index = 0.26']",0.26216667584567493,12.182567,-3.489850628376007,61.19138,7.485280108451844,0.4874427,0.05708992257184502,True,False,True
Emergency (BS Outage),14,AI-Fuzzer,Baseline,21,0.7,2,"['Ping-Pong: 19 UEs oscillating', 'Unfairness: Jain Index = 0.19']",0.1860630807632362,9.988429,-5.179093194007873,51.91779,5.264913749694824,0.5475568,0.03220305943597653,True,False,True
Emergency (BS Outage),15,AI-Fuzzer,Baseline,21,0.7,2,"['Ping-Pong: 21 UEs oscillating', 'Unfairness: Jain Index = 0.10']",0.10058486909064629,4.7434564,-4.214601016044616,32.54245,6.3463883876800535,0.8191275,0.043885372573625556,True,False,True
Emergency (BS Outage),16,AI-Fuzzer,Baseline,23,0.7666666666666667,2,"['Ping-Pong: 24 UEs oscillating', 'Unfairness: Jain Index = 0.08']",0.07657611221932319,7.5871844,-3.0558338165283203,41.458237,7.95988838672638,0.54558843,0.04216370213557839,True,False,True
Emergency (BS Outage),17,AI-Fuzzer,Baseline,19,0.6333333333333333,2,"['Ping-Pong: 25 UEs oscillating', 'Unfairness: Jain Index = 0.13']",0.13429635508215299,8.506292,-5.000708866119385,47.923878,5.423320651054382,0.82849616,0.051639777949432225,True,False,True
Emergency (BS Outage),18,AI-Fuzzer,Baseline,17,0.5666666666666667,2,"['Ping-Pong: 23 UEs oscillating', 'Unfairness: Jain Index = 0.19']",0.18539612931777652,9.856928,-2.8928064942359923,51.922905,8.184255266189576,0.55213416,0.04868644955601477,True,False,True
Emergency (BS Outage),19,AI-Fuzzer,Baseline,22,0.7333333333333333,2,"['Ping-Pong: 20 UEs oscillating', 'Unfairness: Jain Index = 0.18']",0.18134386243850378,8.390782,-2.712461996078491,46.8466,8.489497709274293,0.7417443,0.04216370213557839,True,False,True
Emergency (BS Outage),0,AI-Fuzzer,Utility,25,0.8333333333333334,2,"['QoS Violation: Avg High Prio SINR = 2.41 dB', 'Unfairness: Jain Index = 0.06']",0.062260563358411326,6.586778,-2.8979698181152345,37.964542,8.184149026870728,0.6118521,0.03220305943597653,False,True,True
Emergency (BS Outage),1,AI-Fuzzer,Utility,23,0.7666666666666667,1,['Unfairness: Jain Index = 0.15'],0.1501885680803284,9.673155,-2.4367747783660887,50.158375,8.916751050949097,0.48426056,0.057089922571845024,False,False,True
Emergency (BS Outage),2,AI-Fuzzer,Utility,21,0.7,1,['Unfairness: Jain Index = 0.11'],0.11241297303154672,6.9405437,-3.1731733083724976,40.710808,7.800602841377259,0.6617204,0.040368671387966557,False,False,True
Emergency (BS Outage),3,AI-Fuzzer,Utility,22,0.7333333333333333,2,"['Ping-Pong: 23 UEs oscillating', 'Unfairness: Jain Index = 0.20']",0.20098069125931353,11.373823,-2.063907504081726,57.01872,9.544952487945556,0.4340547,0.04216370213557839,True,False,True
Emergency (BS Outage),4,AI-Fuzzer,Utility,22,0.7333333333333333,3,"['Ping-Pong: 23 UEs oscillating', 'QoS Violation: Avg High Prio SINR = 2.24 dB', 'Unfairness: Jain Index = 0.08']",0.0834098258222124,4.7134385,-3.6375853657722472,31.039564,7.108603167533874,0.7067482,0.047140452079103175,True,True,True
Emergency (BS Outage),5,AI-Fuzzer,Utility,21,0.7,2,"['Ping-Pong: 23 UEs oscillating', 'Unfairness: Jain Index = 0.18']",0.18239235902981918,10.807453,-2.5781921982765192,55.24072,8.789225339889526,0.52642524,0.05305482838361476,True,False,True
Emergency (BS Outage),6,AI-Fuzzer,Utility,20,0.6666666666666666,2,"['Ping-Pong: 24 UEs oscillating', 'Unfairness: Jain Index = 0.24']",0.23783169785185304,11.741449,-3.571628415584564,60.192245,7.188371038436889,0.54486465,0.03849001794597505,True,False,True
Emergency (BS Outage),7,AI-Fuzzer,Utility,21,0.7,2,"['Ping-Pong: 22 UEs oscillating', 'Unfairness: Jain Index = 0.15']",0.14630871613551097,9.736969,-3.662052774429321,51.488094,7.081276106834411,0.5724565,0.043885372573625556,True,False,True
Emergency (BS Outage),8,AI-Fuzzer,Utility,18,0.6,2,"['Ping-Pong: 22 UEs oscillating', 'Unfairness: Jain Index = 0.15']",0.14548082774020993,9.053667,-3.437975084781647,47.938736,7.375934958457947,0.54039645,0.043885372573625556,True,False,True
Emergency (BS Outage),9,AI-Fuzzer,Utility,21,0.7,2,"['Ping-Pong: 20 UEs oscillating', 'Unfairness: Jain Index = 0.13']",0.12567198080675404,8.392726,-2.981548500061035,44.945198,8.087609338760377,0.5461817,0.03651483716701108,True,False,True
Emergency (BS Outage),10,AI-Fuzzer,Utility,23,0.7666666666666667,2,"['Ping-Pong: 23 UEs oscillating', 'Unfairness: Jain Index = 0.17']",0.16506919273405993,8.60554,-3.3554943442344665,46.91095,7.511864638328553,0.58703214,0.040368671387966557,True,False,True
Emergency (BS Outage),11,AI-Fuzzer,Utility,20,0.6666666666666666,2,"['Ping-Pong: 23 UEs oscillating', 'Unfairness: Jain Index = 0.16']",0.15694487601813353,9.732082,-3.38430335521698,50.8838,7.493193888664246,0.5260441,0.040368671387966557,True,False,True
Emergency (BS Outage),12,AI-Fuzzer,Utility,26,0.8666666666666667,2,"['Ping-Pong: 23 UEs oscillating', 'Unfairness: Jain Index = 0.17']",0.1712407900095984,7.8526244,-3.594934773445129,44.84346,7.182285022735596,0.67255414,0.04554200340426489,True,False,True
Emergency (BS Outage),13,AI-Fuzzer,Utility,21,0.7,2,"['Ping-Pong: 24 UEs oscillating', 'Unfairness: Jain Index = 0.12']",0.1201430918362679,8.108379,-3.543780255317688,44.135983,7.2705285310745245,0.58885074,0.040368671387966557,True,False,True
Emergency (BS Outage),14,AI-Fuzzer,Utility,20,0.6666666666666666,2,"['Ping-Pong: 24 UEs oscillating', 'Unfairness: Jain Index = 0.19']",0.18755768579943247,8.793036,-4.238031029701233,48.40819,6.364471459388733,0.6435234,0.043885372573625556,True,False,True
Emergency (BS Outage),15,AI-Fuzzer,Utility,22,0.7333333333333333,2,"['Ping-Pong: 24 UEs oscillating', 'Unfairness: Jain Index = 0.22']",0.22131895499158433,10.111511,-3.871150135993957,53.16647,6.879223561286927,0.5596959,0.03442651863295482,True,False,True
Emergency (BS Outage),16,AI-Fuzzer,Utility,22,0.7333333333333333,2,"['Ping-Pong: 24 UEs oscillating', 'Unfairness: Jain Index = 0.24']",0.23734456087965627,10.424449,-3.930273687839508,55.173546,6.7107219934463505,0.5955424,0.03651483716701107,True,False,True
Emergency (BS Outage),17,AI-Fuzzer,Utility,23,0.7666666666666667,2,"['Ping-Pong: 25 UEs oscillating', 'Unfairness: Jain Index = 0.10']",0.09580427008841483,7.4216766,-4.3301521062850945,41.725296,6.34609649181366,0.61916184,0.03442651863295482,True,False,True
Emergency (BS Outage),18,AI-Fuzzer,Utility,21,0.7,2,"['Ping-Pong: 22 UEs oscillating', 'Unfairness: Jain Index = 0.12']",0.12177537006166893,9.09172,-1.410753560066223,46.9188,10.734632778167725,0.4428763,0.04554200340426489,True,False,True
Emergency (BS Outage),19,AI-Fuzzer,Utility,18,0.6,2,"['Ping-Pong: 22 UEs oscillating', 'Unfairness: Jain Index = 0.24']",0.24384594997584327,10.504281,-2.1833603382110596,55.201164,9.33722643852234,0.5568927,0.040368671387966557,True,False,True
Emergency (BS Outage),0,AI-Fuzzer,ML-Based,28,0.9333333333333333,2,"['QoS Violation: Avg High Prio SINR = -9.51 dB', 'Unfairness: Jain Index = 0.35']",0.3472643042235315,-8.792776,-10.0,3.0783064,1.8810487985610962,5.554007,0.10183501544346313,False,True,True
Emergency (BS Outage),1,AI-Fuzzer,ML-Based,28,0.9333333333333333,1,['QoS Violation: Avg High Prio SINR = -9.79 dB'],0.932465110945931,-9.78665,-10.0,2.0071456,1.8810487985610962,6.169089,0.07200822998230956,False,True,False
Emergency (BS Outage),2,AI-Fuzzer,ML-Based,30,1.0,2,"['QoS Violation: Avg High Prio SINR = -9.34 dB', 'Unfairness: Jain Index = 0.03']",0.033546779889053725,-8.403197,-10.0,6.5287886,1.8810487985610962,5.917449,0.04388537257362556,False,True,True
Emergency (BS Outage),3,AI-Fuzzer,ML-Based,28,0.9333333333333333,3,"['Ping-Pong: 30 UEs oscillating', 'QoS Violation: Avg High Prio SINR = -10.00 dB', 'Unfairness: Jain Index = 0.03']",0.033526932088970424,-8.666667,-10.0,6.363402,1.8810487985610962,6.1697073,0.06440611887195306,True,True,True
Emergency (BS Outage),4,AI-Fuzzer,ML-Based,30,1.0,3,"['Ping-Pong: 30 UEs oscillating', 'QoS Violation: Avg High Prio SINR = -6.81 dB', 'Unfairness: Jain Index = 0.04']",0.03775500053618238,-8.597464,-10.0,5.043264,1.8810487985610962,5.8679,0.0958393717904348,True,True,True
Emergency (BS Outage),5,AI-Fuzzer,ML-Based,28,0.9333333333333333,3,"['Ping-Pong: 30 UEs oscillating', 'QoS Violation: Avg High Prio SINR = -8.22 dB', 'Unfairness: Jain Index = 0.04']",0.03885432468450332,-7.528682,-10.0,8.519776,1.8810487985610962,5.7625537,0.07793634629666747,True,True,True
Emergency (BS Outage),6,AI-Fuzzer,ML-Based,29,0.9666666666666667,3,"['Ping-Pong: 30 UEs oscillating', 'QoS Violation: Avg High Prio SINR = -8.34 dB', 'Unfairness: Jain Index = 0.09']",0.08646911931536908,-8.753849,-10.0,4.5612707,1.8810487985610962,5.973394,0.07793634629666746,True,True,True
Emergency (BS Outage),7,AI-Fuzzer,ML-Based,27,0.9,3,"['Ping-Pong: 30 UEs oscillating', 'QoS Violation: Avg High Prio SINR = -8.64 dB', 'Unfairness: Jain Index = 0.03']",0.03364688238916962,-7.8956766,-10.0,7.150073,1.8810487985610962,5.642561,0.07981459998252431,True,True,True
Emergency (BS Outage),8,AI-Fuzzer,ML-Based,30,1.0,3,"['Ping-Pong: 30 UEs oscillating', 'QoS Violation: Avg High Prio SINR = -9.63 dB', 'Unfairness: Jain Index = 0.35']",0.35181488270463823,-9.303341,-10.0,2.5708146,1.8810487985610962,5.896455,0.06885303726590963,True,True,True
Emergency (BS Outage),9,AI-Fuzzer,ML-Based,27,0.9,2,"['Ping-Pong: 30 UEs oscillating', 'QoS Violation: Avg High Prio SINR = -9.37 dB']",0.8368712270745922,-9.466966,-10.0,2.2188656,1.8810487985610962,5.8833585,0.06554613868334501,True,True,False
Emergency (BS Outage),10,AI-Fuzzer,ML-Based,29,0.9666666666666667,3,"['Ping-Pong: 30 UEs oscillating', 'QoS Violation: Avg High Prio SINR = -9.17 dB', 'Unfairness: Jain Index = 0.27']",0.2741895207947782,-9.270201,-10.0,2.679005,1.8810487985610962,5.9150677,0.047140452079103175,True,True,True
Emergency (BS Outage),11,AI-Fuzzer,ML-Based,30,1.0,3,"['Ping-Pong: 30 UEs oscillating', 'QoS Violation: Avg High Prio SINR = -10.00 dB', 'Unfairness: Jain Index = 0.03']",0.0337202005377545,-8.325042,-10.0,6.418106,1.8810487985610962,5.874927,0.060858061945018464,True,True,True
Emergency (BS Outage),12,AI-Fuzzer,ML-Based,28,0.9333333333333333,3,"['Ping-Pong: 30 UEs oscillating', 'QoS Violation: Avg High Prio SINR = -8.11 dB', 'Unfairness: Jain Index = 0.07']",0.06834944452774035,-6.040481,-10.0,13.74516,1.8810487985610962,5.5540037,0.03220305943597653,True,True,True
Emergency (BS Outage),13,AI-Fuzzer,ML-Based,27,0.9,3,"['Ping-Pong: 29 UEs oscillating', 'QoS Violation: Avg High Prio SINR = -6.67 dB', 'Unfairness: Jain Index = 0.03']",0.033526930103594026,-8.666667,-10.0,6.363402,1.8810487985610962,6.1697073,0.06206328908341752,True,True,True
Emergency (BS Outage),14,AI-Fuzzer,ML-Based,29,0.9666666666666667,3,"['Ping-Pong: 29 UEs oscillating', 'QoS Violation: Avg High Prio SINR = -8.73 dB', 'Unfairness: Jain Index = 0.16']",0.1637175612310866,-8.746283,-10.0,3.6255858,1.8810487985610962,5.7325897,0.05018484351393873,True,True,True
Emergency (BS Outage),15,AI-Fuzzer,ML-Based,30,1.0,3,"['Ping-Pong: 30 UEs oscillating', 'QoS Violation: Avg High Prio SINR = -9.31 dB', 'Unfairness: Jain Index = 0.36']",0.3568907278119319,-8.991052,-10.0,2.9409385,1.8810487985610962,5.744766,0.1128748897706693,True,True,True
Emergency (BS Outage),16,AI-Fuzzer,ML-Based,20,0.6666666666666666,3,"['Ping-Pong: 29 UEs oscillating', 'QoS Violation: Avg High Prio SINR = -7.81 dB', 'Unfairness: Jain Index = 0.10']",0.10057817974809631,-4.6129937,-10.0,17.286507,1.8810487985610962,5.025195,0.17427096823731245,True,True,True
Emergency (BS Outage),17,AI-Fuzzer,ML-Based,25,0.8333333333333334,3,"['Ping-Pong: 28 UEs oscillating', 'QoS Violation: Avg High Prio SINR = -8.06 dB', 'Unfairness: Jain Index = 0.10']",0.104054701684963,-8.798339,-10.0,3.5452096,1.8810487985610962,5.7077403,0.05708992257184502,True,True,True
Emergency (BS Outage),18,AI-Fuzzer,ML-Based,30,1.0,3,"['Ping-Pong: 28 UEs oscillating', 'QoS Violation: Avg High Prio SINR = -7.90 dB', 'Unfairness: Jain Index = 0.04']",0.035915139850574436,-6.3336253,-10.0,9.899198,1.8810487985610962,5.005302,0.0596284793999944,True,True,True
Emergency (BS Outage),19,AI-Fuzzer,ML-Based,30,1.0,3,"['Ping-Pong: 30 UEs oscillating', 'QoS Violation: Avg High Prio SINR = -9.04 dB', 'Unfairness: Jain Index = 0.03']",0.03448190852060668,-7.526544,-10.0,8.405851,1.8810487985610962,5.6210947,0.07302967433402216,True,True,True
Emergency (BS Outage),0,Random-Fuzzer,Baseline,19,0.6333333333333333,2,"['QoS Violation: Avg High Prio SINR = 1.55 dB', 'Unfairness: Jain Index = 0.11']",0.10993944988447316,5.0109572,-3.7464903354644776,32.47779,6.949845337867737,0.6988227,0.03220305943597653,False,True,True
Emergency (BS Outage),1,Random-Fuzzer,Baseline,15,0.5,1,['Unfairness: Jain Index = 0.08'],0.08155637311795426,6.654045,-4.617182493209839,38.8828,5.857296895980835,0.66617846,0.03220305943597653,False,False,True
Emergency (BS Outage),2,Random-Fuzzer,Baseline,15,0.5,1,['Unfairness: Jain Index = 0.15'],0.14563378185192016,8.867961,-3.805318987369537,46.887947,6.999476623535157,0.5333587,0.043885372573625556,False,False,True
Emergency (BS Outage),3,Random-Fuzzer,Baseline,20,0.6666666666666666,2,"['Ping-Pong: 18 UEs oscillating', 'Unfairness: Jain Index = 0.28']",0.2763171779686124,8.281249,-3.7530610322952267,44.264793,7.300561118125916,0.54109544,0.03651483716701108,True,False,True
Emergency (BS Outage),4,Random-Fuzzer,Baseline,17,0.5666666666666667,2,"['Ping-Pong: 19 UEs oscillating', 'Unfairness: Jain Index = 0.11']",0.11156189906852702,8.638002,-2.5755802750587464,46.28863,8.688284969329834,0.5546536,0.04216370213557839,True,False,True
Emergency (BS Outage),5,Random-Fuzzer,Baseline,21,0.7,2,"['Ping-Pong: 22 UEs oscillating', 'Unfairness: Jain Index = 0.19']",0.19034251675357242,10.082346,-3.34918315410614,53.089104,7.525942158699036,0.5612909,0.051639777949432225,True,False,True
Emergency (BS Outage),6,Random-Fuzzer,Baseline,18,0.6,2,"['Ping-Pong: 23 UEs oscillating', 'Unfairness: Jain Index = 0.16']",0.16256704760348384,8.83132,-2.2891850113868712,47.36592,9.161886835098267,0.54599077,0.04868644955601477,True,False,True
Emergency (BS Outage),7,Random-Fuzzer,Baseline,21,0.7,2,"['Ping-Pong: 21 UEs oscillating', 'Unfairness: Jain Index = 0.25']",0.25131194678487556,11.107678,-1.339259350299835,56.321598,10.975358295440675,0.44662103,0.04216370213557839,True,False,True
Emergency (BS Outage),8,Random-Fuzzer,Baseline,19,0.6333333333333333,2,"['Ping-Pong: 22 UEs oscillating', 'Unfairness: Jain Index = 0.30']",0.2983904448692674,12.994912,-2.949997329711914,64.56542,8.114018416404724,0.45124692,0.04868644955601477,True,False,True
Emergency (BS Outage),9,Random-Fuzzer,Baseline,16,0.5333333333333333,2,"['Ping-Pong: 21 UEs oscillating', 'Unfairness: Jain Index = 0.20']",0.1984544779228434,9.251603,-4.222765922546387,50.718002,6.377073073387146,0.7214206,0.043885372573625556,True,False,True
Emergency (BS Outage),10,Random-Fuzzer,Baseline,21,0.7,3,"['Ping-Pong: 21 UEs oscillating', 'QoS Violation: Avg High Prio SINR = 3.85 dB', 'Unfairness: Jain Index = 0.18']",0.17696120968624965,8.569091,-2.896326720714569,46.43599,8.235109877586366,0.55622214,0.03849001794597505,True,True,True
Emergency (BS Outage),11,Random-Fuzzer,Baseline,17,0.5666666666666667,2,"['Ping-Pong: 19 UEs oscillating', 'Unfairness: Jain Index = 0.30']",0.3009159104102873,12.024285,-4.8563707828521725,61.751816,5.598706150054932,0.6611778,0.043885372573625556,True,False,True
Emergency (BS Outage),12,Random-Fuzzer,Baseline,19,0.6333333333333333,2,"['Ping-Pong: 20 UEs oscillating', 'Unfairness: Jain Index = 0.24']",0.2444948622193019,11.432454,-1.323877334594726,57.119984,11.38670735359192,0.41639727,0.051639777949432225,True,False,True
Emergency (BS Outage),13,Random-Fuzzer,Baseline,18,0.6,2,"['Ping-Pong: 19 UEs oscillating', 'Unfairness: Jain Index = 0.26']",0.26235501159116253,9.537691,-4.530402410030365,51.90496,6.124772644042969,0.7490291,0.042163702135578386,True,False,True
Emergency (BS Outage),14,Random-Fuzzer,Baseline,19,0.6333333333333333,2,"['Ping-Pong: 22 UEs oscillating', 'Unfairness: Jain Index = 0.14']",0.1354223766426886,8.019189,-3.0558663129806516,44.14069,7.972849273681641,0.57521206,0.040368671387966557,True,False,True
Emergency (BS Outage),15,Random-Fuzzer,Baseline,20,0.6666666666666666,2,"['Ping-Pong: 21 UEs oscillating', 'Unfairness: Jain Index = 0.32']",0.3202189464978282,13.588377,-2.430818152427673,67.16648,8.950716447830201,0.43571934,0.03849001794597505,True,False,True
Emergency (BS Outage),16,Random-Fuzzer,Baseline,20,0.6666666666666666,2,"['Ping-Pong: 20 UEs oscillating', 'Unfairness: Jain Index = 0.09']",0.09175778240687885,6.9171453,-3.9281931161880492,39.397785,6.707494258880615,0.60491806,0.04554200340426488,True,False,True
Emergency (BS Outage),17,Random-Fuzzer,Baseline,21,0.7,2,"['Ping-Pong: 21 UEs oscillating', 'Unfairness: Jain Index = 0.27']",0.273107777649957,10.998552,-3.1564355850219723,57.232433,7.8053774595260625,0.5617952,0.04388537257362555,True,False,True
Emergency (BS Outage),18,Random-Fuzzer,Baseline,20,0.6666666666666666,2,"['Ping-Pong: 22 UEs oscillating', 'Unfairness: Jain Index = 0.13']",0.13029863607928238,8.088828,-4.805573248863221,45.283916,5.641734027862549,0.66444886,0.03849001794597505,True,False,True
Emergency (BS Outage),19,Random-Fuzzer,Baseline,18,0.6,2,"['Ping-Pong: 22 UEs oscillating', 'Unfairness: Jain Index = 0.22']",0.21502639941322546,9.153796,-5.44813277721405,50.824715,4.990406656265259,0.8118094,0.03442651863295482,True,False,True
Emergency (BS Outage),0,Random-Fuzzer,Utility,19,0.6333333333333333,2,"['QoS Violation: Avg High Prio SINR = 3.50 dB', 'Unfairness: Jain Index = 0.12']",0.11993090638676575,6.925945,-2.281877136230469,40.23314,9.172072505950927,0.6377433,0.03651483716701107,False,True,True
Emergency (BS Outage),1,Random-Fuzzer,Utility,20,0.6666666666666666,1,['Unfairness: Jain Index = 0.20'],0.20267059767532225,7.9569225,-2.6975937366485594,43.58059,8.498544597625733,0.5498242,0.042163702135578386,False,False,True
Emergency (BS Outage),2,Random-Fuzzer,Utility,21,0.7,1,['Unfairness: Jain Index = 0.13'],0.13472410302415425,9.756012,-2.2282070875167848,50.01986,9.260078763961792,0.46727997,0.04868644955601477,False,False,True
Emergency (BS Outage),3,Random-Fuzzer,Utility,17,0.5666666666666667,2,"['Ping-Pong: 21 UEs oscillating', 'Unfairness: Jain Index = 0.21']",0.2111070033649774,11.668429,-2.1395507574081423,58.59407,9.411457777023315,0.44642323,0.04216370213557839,True,False,True
Emergency (BS Outage),4,Random-Fuzzer,Utility,20,0.6666666666666666,2,"['Ping-Pong: 20 UEs oscillating', 'Unfairness: Jain Index = 0.17']",0.16945751605939113,12.271393,0.8704259037971497,58.93966,15.756792736053466,0.3025927,0.040368671387966557,True,False,True
Emergency (BS Outage),5,Random-Fuzzer,Utility,21,0.7,3,"['Ping-Pong: 21 UEs oscillating', 'QoS Violation: Avg High Prio SINR = 3.41 dB', 'Unfairness: Jain Index = 0.22']",0.22447705258815406,10.398799,-1.6540711522102356,54.600136,10.277336311340331,0.5390817,0.03651483716701108,True,True,True
Emergency (BS Outage),6,Random-Fuzzer,Utility,26,0.8666666666666667,2,"['Ping-Pong: 24 UEs oscillating', 'Unfairness: Jain Index = 0.22']",0.22405713874988567,11.420675,-4.099531865119934,58.024998,6.51002688407898,0.5022021,0.06440611887195306,True,False,True
Emergency (BS Outage),7,Random-Fuzzer,Utility,19,0.6333333333333333,2,"['Ping-Pong: 25 UEs oscillating', 'Unfairness: Jain Index = 0.24']",0.23915287578159083,11.666416,-2.497062659263611,59.011166,8.81356167793274,0.47163522,0.04554200340426488,True,False,True
Emergency (BS Outage),8,Random-Fuzzer,Utility,23,0.7666666666666667,2,"['Ping-Pong: 24 UEs oscillating', 'Unfairness: Jain Index = 0.23']",0.22663315739486575,11.336793,-1.369454127550125,57.642498,10.8147367477417,0.46897924,0.05443310539518174,True,False,True
Emergency (BS Outage),9,Random-Fuzzer,Utility,22,0.7333333333333333,2,"['Ping-Pong: 23 UEs oscillating', 'Unfairness: Jain Index = 0.18']",0.18157635037657371,9.552785,-3.364862251281738,50.115196,7.50786361694336,0.52488875,0.040368671387966557,True,False,True
Emergency (BS Outage),10,Random-Fuzzer,Utility,19,0.6333333333333333,2,"['Ping-Pong: 22 UEs oscillating', 'Unfairness: Jain Index = 0.18']",0.18320897511569464,9.774501,-3.247311496734619,51.72796,7.682210993766785,0.56951004,0.040368671387966557,True,False,True
Emergency (BS Outage),11,Random-Fuzzer,Utility,20,0.6666666666666666,2,"['Ping-Pong: 20 UEs oscillating', 'Unfairness: Jain Index = 0.21']",0.206848282997486,10.376293,-2.4766221761703493,53.6097,8.844290018081665,0.49490497,0.03220305943597653,True,False,True
Emergency (BS Outage),12,Random-Fuzzer,Utility,18,0.6,2,"['Ping-Pong: 20 UEs oscillating', 'Unfairness: Jain Index = 0.17']",0.1728425354454275,9.387216,-1.423038911819458,49.473335,10.718712377548218,0.5041368,0.04714045207910317,True,False,True
Emergency (BS Outage),13,Random-Fuzzer,Utility,20,0.6666666666666666,3,"['Ping-Pong: 20 UEs oscillating', 'QoS Violation: Avg High Prio SINR = 3.71 dB', 'Unfairness: Jain Index = 0.14']",0.1437416932841562,7.0514135,-3.891990053653717,41.7427,6.755940771102905,0.7140066,0.040368671387966557,True,True,True
Emergency (BS Outage),14,Random-Fuzzer,Utility,17,0.5666666666666667,3,"['Ping-Pong: 19 UEs oscillating', 'QoS Violation: Avg High Prio SINR = 4.62 dB', 'Unfairness: Jain Index = 0.22']",0.21670418351686452,9.009564,-2.9688138365745544,49.171486,8.070253396034241,0.6150757,0.03220305943597653,True,True,True
Emergency (BS Outage),15,Random-Fuzzer,Utility,20,0.6666666666666666,3,"['Ping-Pong: 20 UEs oscillating', 'QoS Violation: Avg High Prio SINR = 3.98 dB', 'Unfairness: Jain Index = 0.17']",0.1719448744770518,7.1939707,-2.9576244711875916,42.367252,8.08386721611023,0.6840587,0.03220305943597653,True,True,True
Emergency (BS Outage),16,Random-Fuzzer,Utility,20,0.6666666666666666,2,"['Ping-Pong: 22 UEs oscillating', 'Unfairness: Jain Index = 0.27']",0.26839008683097265,13.042857,-0.8852945566177359,63.532555,12.896296501159672,0.38093203,0.04714045207910317,True,False,True
Emergency (BS Outage),17,Random-Fuzzer,Utility,20,0.6666666666666666,3,"['Ping-Pong: 22 UEs oscillating', 'QoS Violation: Avg High Prio SINR = 2.37 dB', 'Unfairness: Jain Index = 0.18']",0.1808685674158812,8.680295,-2.630518543720245,48.148262,8.594551038742065,0.65799874,0.040368671387966557,True,True,True
Emergency (BS Outage),18,Random-Fuzzer,Utility,25,0.8333333333333334,2,"['Ping-Pong: 23 UEs oscillating', 'Unfairness: Jain Index = 0.22']",0.22187264373153065,10.613148,-3.3030791759490965,54.49246,7.577277636528016,0.4961048,0.05305482838361476,True,False,True
Emergency (BS Outage),19,Random-Fuzzer,Utility,23,0.7666666666666667,2,"['Ping-Pong: 25 UEs oscillating', 'Unfairness: Jain Index = 0.25']",0.24633728649727313,11.047068,-2.064954537153244,56.40295,9.581016063690186,0.4773921,0.04216370213557839,True,False,True
Emergency (BS Outage),0,Random-Fuzzer,ML-Based,21,0.7,1,['Unfairness: Jain Index = 0.19'],0.1924019891002238,9.719837,-7.741509413719177,52.6497,3.4841564178466804,0.85835576,0.04714045207910317,False,False,True
Emergency (BS Outage),1,Random-Fuzzer,ML-Based,27,0.9,2,"['QoS Violation: Avg High Prio SINR = -9.68 dB', 'Unfairness: Jain Index = 0.03']",0.0335450430690789,-8.418754,-10.0,6.516219,1.8810487985610962,5.9361753,0.19739038214402183,False,True,True
Emergency (BS Outage),2,Random-Fuzzer,ML-Based,9,0.3,2,"['QoS Violation: Avg High Prio SINR = -7.97 dB', 'Unfairness: Jain Index = 0.04']",0.03539586950131603,-7.3469768,-10.0,8.862416,1.8810487985610962,5.5384846,0.19701475786045783,False,True,True
Emergency (BS Outage),3,Random-Fuzzer,ML-Based,11,0.36666666666666664,3,"['Ping-Pong: 14 UEs oscillating', 'QoS Violation: Avg High Prio SINR = -7.97 dB', 'Unfairness: Jain Index = 0.10']",0.10064813693978909,-6.950853,-10.0,8.34421,1.8810487985610962,5.3094773,0.20584064314505623,True,True,True
Emergency (BS Outage),4,Random-Fuzzer,ML-Based,19,0.6333333333333333,3,"['Ping-Pong: 13 UEs oscillating', 'QoS Violation: Avg High Prio SINR = -7.84 dB', 'Unfairness: Jain Index = 0.04']",0.03550316889600358,-7.014117,-10.0,9.875945,1.8810487985610962,5.588422,0.14656562175858798,True,True,True
Emergency (BS Outage),5,Random-Fuzzer,ML-Based,16,0.5333333333333333,3,"['Ping-Pong: 19 UEs oscillating', 'QoS Violation: Avg High Prio SINR = -7.53 dB', 'Unfairness: Jain Index = 0.07']",0.06515325962499625,-7.9600616,-10.0,7.4620423,1.8810487985610962,5.8365946,0.196638416050035,True,True,True
Emergency (BS Outage),6,Random-Fuzzer,ML-Based,26,0.8666666666666667,3,"['Ping-Pong: 20 UEs oscillating', 'QoS Violation: Avg High Prio SINR = -7.23 dB', 'Unfairness: Jain Index = 0.15']",0.1500807754545904,-8.48317,-10.0,4.1260314,1.8810487985610962,5.6415935,0.12171612389003693,True,True,True
Emergency (BS Outage),7,Random-Fuzzer,ML-Based,21,0.7,3,"['Ping-Pong: 26 UEs oscillating', 'QoS Violation: Avg High Prio SINR = -9.41 dB', 'Unfairness: Jain Index = 0.03']",0.03358917032844602,-8.16646,-10.0,6.8268538,1.8810487985610962,5.83555,0.14504150108516192,True,True,True
Emergency (BS Outage),8,Random-Fuzzer,ML-Based,22,0.7333333333333333,3,"['Ping-Pong: 27 UEs oscillating', 'QoS Violation: Avg High Prio SINR = -8.56 dB', 'Unfairness: Jain Index = 0.07']",0.06761586152809061,-5.718625,-10.0,13.519629,1.8810487985610962,5.202595,0.1259041375485804,True,True,True
Emergency (BS Outage),9,Random-Fuzzer,ML-Based,22,0.7333333333333333,3,"['Ping-Pong: 26 UEs oscillating', 'QoS Violation: Avg High Prio SINR = -6.08 dB', 'Unfairness: Jain Index = 0.03']",0.03370194634723392,-8.060314,-10.0,6.7618113,1.8810487985610962,5.7176895,0.1264911064067352,True,True,True
Emergency (BS Outage),10,Random-Fuzzer,ML-Based,27,0.9,3,"['Ping-Pong: 25 UEs oscillating', 'QoS Violation: Avg High Prio SINR = -10.00 dB', 'Unfairness: Jain Index = 0.18']",0.17935116180658436,-8.897422,-10.0,3.4690297,1.8810487985610962,5.83633,0.09888264649460884,True,True,True
Emergency (BS Outage),11,Random-Fuzzer,ML-Based,21,0.7,3,"['Ping-Pong: 26 UEs oscillating', 'QoS Violation: Avg High Prio SINR = -9.33 dB', 'Unfairness: Jain Index = 0.04']",0.041104298463086025,-8.682855,-10.0,4.5817,1.8810487985610962,5.846782,0.19701475786045783,True,True,True
Emergency (BS Outage),12,Random-Fuzzer,ML-Based,27,0.9,3,"['Ping-Pong: 29 UEs oscillating', 'QoS Violation: Avg High Prio SINR = -6.04 dB', 'Unfairness: Jain Index = 0.04']",0.044478851562973994,-7.0127473,-10.0,10.286741,1.8810487985610962,5.610794,0.13662601021279464,True,True,True
Emergency (BS Outage),13,Random-Fuzzer,ML-Based,25,0.8333333333333334,3,"['Ping-Pong: 27 UEs oscillating', 'QoS Violation: Avg High Prio SINR = -9.77 dB', 'Unfairness: Jain Index = 0.05']",0.05364242115368253,-9.200251,-10.0,3.5231237,1.8810487985610962,6.047027,0.11547005383792518,True,True,True
Emergency (BS Outage),14,Random-Fuzzer,ML-Based,24,0.8,3,"['Ping-Pong: 27 UEs oscillating', 'QoS Violation: Avg High Prio SINR = -5.89 dB', 'Unfairness: Jain Index = 0.07']",0.0670638187081885,-5.7442403,-10.0,11.993085,1.8810487985610962,4.9725842,0.13498971154211054,True,True,True
Emergency (BS Outage),15,Random-Fuzzer,ML-Based,25,0.8333333333333334,3,"['Ping-Pong: 27 UEs oscillating', 'QoS Violation: Avg High Prio SINR = -7.36 dB', 'Unfairness: Jain Index = 0.06']",0.05778870328708308,-7.477414,-10.0,6.720041,1.8810487985610962,5.320594,0.09888264649460884,True,True,True
Emergency (BS Outage),16,Random-Fuzzer,ML-Based,29,0.9666666666666667,3,"['Ping-Pong: 30 UEs oscillating', 'QoS Violation: Avg High Prio SINR = -9.95 dB', 'Unfairness: Jain Index = 0.09']",0.0894606654965589,-8.650052,-10.0,4.35159,1.8810487985610962,5.7743683,0.09583937179043478,True,True,True
Emergency (BS Outage),17,Random-Fuzzer,ML-Based,21,0.7,3,"['Ping-Pong: 29 UEs oscillating', 'QoS Violation: Avg High Prio SINR = -8.86 dB', 'Unfairness: Jain Index = 0.18']",0.1752005166495576,-8.932294,-10.0,3.1457236,1.8810487985610962,5.711084,0.17256238807393043,True,True,True
Emergency (BS Outage),18,Random-Fuzzer,ML-Based,26,0.8666666666666667,3,"['Ping-Pong: 27 UEs oscillating', 'QoS Violation: Avg High Prio SINR = -9.43 dB', 'Unfairness: Jain Index = 0.03']",0.03440461959374554,-7.5550065,-10.0,8.351455,1.8810487985610962,5.65768,0.10036968702787746,True,True,True
Emergency (BS Outage),19,Random-Fuzzer,ML-Based,26,0.8666666666666667,3,"['Ping-Pong: 26 UEs oscillating', 'QoS Violation: Avg High Prio SINR = -10.00 dB', 'Unfairness: Jain Index = 0.03']",0.03397760562179396,-8.539505,-10.0,5.967086,1.8810487985610962,5.997192,0.11482676162456723,True,True,True
High Load,0,AI-Fuzzer,Baseline,22,0.7333333333333333,1,['Unfairness: Jain Index = 0.05'],0.05133208970022681,5.3875837,-4.24471480846405,33.83835,6.350167202949525,0.71599483,0.029251459650058015,False,False,True
High Load,1,AI-Fuzzer,Baseline,19,0.6333333333333333,1,['Unfairness: Jain Index = 0.09'],0.0851798524434545,6.6074038,-2.383621335029602,38.062553,9.012949705123901,0.5981955,0.046283880555343576,False,False,True
High Load,2,AI-Fuzzer,Baseline,17,0.5666666666666667,1,['Unfairness: Jain Index = 0.13'],0.12864240498821133,9.155162,-2.405223989486694,47.80621,9.097024273872377,0.48993352,0.042323993269525684,False,False,True
High Load,3,AI-Fuzzer,Baseline,16,0.5333333333333333,2,"['Ping-Pong: 19 UEs oscillating', 'Unfairness: Jain Index = 0.14']",0.1401122855895552,10.323249,-1.8475025892257686,52.04351,10.152068185806275,0.4385737,0.04091896066558106,True,False,True
High Load,4,AI-Fuzzer,Baseline,20,0.6666666666666666,2,"['Ping-Pong: 20 UEs oscillating', 'Unfairness: Jain Index = 0.20']",0.19523711132171204,8.828449,-3.5314892768859862,48.283936,7.295362544059754,0.60650784,0.03473506995302339,True,False,True
High Load,5,AI-Fuzzer,Baseline,18,0.6,2,"['Ping-Pong: 20 UEs oscillating', 'Unfairness: Jain Index = 0.19']",0.19141001108832967,9.359362,-3.6374639034271237,50.554096,7.158012056350708,0.61465,0.03637972167250478,True,False,True
High Load,6,AI-Fuzzer,Baseline,19,0.6333333333333333,2,"['Ping-Pong: 21 UEs oscillating', 'Unfairness: Jain Index = 0.25']",0.24989525867569343,10.270874,-3.473439037799835,54.52262,7.334417366981507,0.6945056,0.027178830499701174,True,False,True
High Load,7,AI-Fuzzer,Baseline,19,0.6333333333333333,2,"['Ping-Pong: 19 UEs oscillating', 'Unfairness: Jain Index = 0.22']",0.2192251787227166,10.117586,-2.0034427881240844,53.25495,9.657311248779298,0.53550404,0.03795317132067358,True,False,True
High Load,8,AI-Fuzzer,Baseline,21,0.7,2,"['Ping-Pong: 22 UEs oscillating', 'Unfairness: Jain Index = 0.12']",0.11661049088819234,6.6456547,-3.1568530678749083,39.09962,7.784994530677795,0.66776013,0.045002650310107584,True,False,True
High Load,9,AI-Fuzzer,Baseline,21,0.7,2,"['Ping-Pong: 21 UEs oscillating', 'Unfairness: Jain Index = 0.16']",0.16207266373963922,7.3144135,-4.434658718109131,42.122147,6.071623229980469,0.6668802,0.04368385823855695,True,False,True
High Load,10,AI-Fuzzer,Baseline,20,0.6666666666666666,2,"['Ping-Pong: 23 UEs oscillating', 'Unfairness: Jain Index = 0.28']",0.28396333689210285,10.7400875,-3.1103991627693177,56.74005,7.854339528083801,0.5895778,0.046283880555343576,True,False,True
High Load,11,AI-Fuzzer,Baseline,23,0.7666666666666667,2,"['Ping-Pong: 23 UEs oscillating', 'Unfairness: Jain Index = 0.20']",0.2001912287999609,9.329833,-1.5161482632160186,48.9915,10.540186309814453,0.4910989,0.045002650310107584,True,False,True
High Load,12,AI-Fuzzer,Baseline,19,0.6333333333333333,3,"['Ping-Pong: 23 UEs oscillating', 'QoS Violation: Avg High Prio SINR = 2.53 dB', 'Unfairness: Jain Index = 0.16']",0.16347471531600094,7.5005927,-4.88929512500763,44.206127,5.547931361198425,0.7674744,0.045002650310107584,True,True,True
High Load,13,AI-Fuzzer,Baseline,19,0.6333333333333333,2,"['Ping-Pong: 24 UEs oscillating', 'Unfairness: Jain Index = 0.18']",0.17574515663174997,8.363445,-2.674600625038147,45.735878,8.524608087539672,0.57316494,0.04091896066558105,True,False,True
High Load,14,AI-Fuzzer,Baseline,17,0.5666666666666667,3,"['Ping-Pong: 20 UEs oscillating', 'QoS Violation: Avg High Prio SINR = 2.17 dB', 'Unfairness: Jain Index = 0.15']",0.15479479061043924,8.749451,-5.671411156654358,48.92666,4.737356519699096,0.8315343,0.04368385823855695,True,True,True
High Load,15,AI-Fuzzer,Baseline,19,0.6333333333333333,2,"['Ping-Pong: 20 UEs oscillating', 'Unfairness: Jain Index = 0.18']",0.17880713333371917,7.9992466,-4.870077013969421,45.899002,5.56725013256073,0.8101842,0.03473506995302339,True,False,True
High Load,16,AI-Fuzzer,Baseline,22,0.7333333333333333,2,"['Ping-Pong: 20 UEs oscillating', 'Unfairness: Jain Index = 0.13']",0.12657109712853729,6.8579345,-4.540483474731445,40.66906,5.9476089715957645,0.8041262,0.03795317132067357,True,False,True
High Load,17,AI-Fuzzer,Baseline,20,0.6666666666666666,2,"['Ping-Pong: 21 UEs oscillating', 'Unfairness: Jain Index = 0.09']",0.0881256074655135,4.000854,-6.353392434120178,31.252258,4.114802134037018,1.0840381,0.04500265031010758,True,False,True
High Load,18,AI-Fuzzer,Baseline,21,0.7,2,"['Ping-Pong: 22 UEs oscillating', 'Unfairness: Jain Index = 0.24']",0.2402056111613001,8.315101,-5.326374888420105,47.95717,5.14163875579834,0.77649075,0.029251459650058015,True,False,True
High Load,19,AI-Fuzzer,Baseline,23,0.7666666666666667,2,"['Ping-Pong: 23 UEs oscillating', 'Unfairness: Jain Index = 0.18']",0.18335642582522985,10.247172,-2.9744372844696043,52.505104,8.06807746887207,0.47700983,0.046283880555343576,True,False,True
High Load,0,AI-Fuzzer,Utility,23,0.7666666666666667,1,['Unfairness: Jain Index = 0.12'],0.12352518705631958,6.476886,-3.5476940870285034,38.947994,7.22378523349762,0.70221424,0.03300857495127506,False,False,True
High Load,1,AI-Fuzzer,Utility,21,0.7,1,['Unfairness: Jain Index = 0.13'],0.13171251461335232,8.052425,-3.381243646144867,45.36832,7.460857009887695,0.6488162,0.03473506995302339,False,False,True
High Load,2,AI-Fuzzer,Utility,19,0.6333333333333333,1,['Unfairness: Jain Index = 0.12'],0.12094398854652107,8.094721,-3.378707528114319,44.1263,7.466021633148194,0.5671551,0.04368385823855695,False,False,True
High Load,3,AI-Fuzzer,Utility,20,0.6666666666666666,2,"['Ping-Pong: 22 UEs oscillating', 'Unfairness: Jain Index = 0.24']",0.24429493320006065,10.490993,-2.834885859489441,54.712414,8.30333616733551,0.5384462,0.031186647078300316,True,False,True
High Load,4,AI-Fuzzer,Utility,23,0.7666666666666667,2,"['Ping-Pong: 22 UEs oscillating', 'Unfairness: Jain Index = 0.14']",0.14393742083521155,8.263141,-2.5898491621017454,45.338024,8.664572477340698,0.59580594,0.03795317132067358,True,False,True
High Load,5,AI-Fuzzer,Utility,24,0.8,2,"['Ping-Pong: 22 UEs oscillating', 'Unfairness: Jain Index = 0.13']",0.13083761104727992,9.299705,-1.067320328950882,48.122684,11.40636124610901,0.46429026,0.04091896066558106,True,False,True
High Load,6,AI-Fuzzer,Utility,27,0.9,2,"['Ping-Pong: 26 UEs oscillating', 'Unfairness: Jain Index = 0.13']",0.13104327568804638,7.011006,-3.417947328090668,40.88987,7.4067647695541385,0.66528916,0.039463936418252604,True,False,True
High Load,7,AI-Fuzzer,Utility,22,0.7333333333333333,2,"['Ping-Pong: 27 UEs oscillating', 'Unfairness: Jain Index = 0.22']",0.2177455289154982,10.951511,-3.172595036029816,56.172646,7.759755301475525,0.50215924,0.03637972167250478,True,False,True
High Load,8,AI-Fuzzer,Utility,20,0.6666666666666666,2,"['Ping-Pong: 27 UEs oscillating', 'Unfairness: Jain Index = 0.06']",0.056137786394791105,7.0311036,-2.3270334124565117,38.399937,9.396427822113038,0.506499,0.03795317132067357,True,False,True
High Load,9,AI-Fuzzer,Utility,22,0.7333333333333333,2,"['Ping-Pong: 23 UEs oscillating', 'Unfairness: Jain Index = 0.11']",0.10630076525793689,6.58645,-4.403537178039551,38.70471,6.119210553169251,0.669155,0.04232399326952568,True,False,True
High Load,10,AI-Fuzzer,Utility,24,0.8,2,"['Ping-Pong: 24 UEs oscillating', 'Unfairness: Jain Index = 0.09']",0.08910325219914163,5.8243318,-2.1930663526058196,34.779,9.373020458221436,0.6303339,0.03473506995302339,True,False,True
High Load,11,AI-Fuzzer,Utility,19,0.6333333333333333,2,"['Ping-Pong: 24 UEs oscillating', 'Unfairness: Jain Index = 0.23']",0.22660898665169749,12.746418,-0.7728924334049223,62.22766,12.02484622001648,0.36518165,0.046283880555343576,True,False,True
High Load,12,AI-Fuzzer,Utility,22,0.7333333333333333,2,"['Ping-Pong: 23 UEs oscillating', 'Unfairness: Jain Index = 0.20']",0.20251467496637818,11.17036,-1.2217561304569244,56.6058,11.10107774734497,0.44762576,0.03473506995302339,True,False,True
High Load,13,AI-Fuzzer,Utility,24,0.8,2,"['Ping-Pong: 23 UEs oscillating', 'Unfairness: Jain Index = 0.30']",0.2956073076477145,13.461807,-0.3434303611516951,65.795456,12.927746677398682,0.38113564,0.045002650310107584,True,False,True
High Load,14,AI-Fuzzer,Utility,22,0.7333333333333333,2,"['Ping-Pong: 26 UEs oscillating', 'Unfairness: Jain Index = 0.26']",0.2635523039041651,11.005953,-3.4587708830833432,56.986588,7.37058596611023,0.5370329,0.03118664707830032,True,False,True
High Load,15,AI-Fuzzer,Utility,20,0.6666666666666666,2,"['Ping-Pong: 24 UEs oscillating', 'Unfairness: Jain Index = 0.29']",0.28766181135022356,11.695128,-4.28204665184021,60.421543,6.326520800590515,0.5702761,0.04232399326952568,True,False,True
High Load,16,AI-Fuzzer,Utility,22,0.7333333333333333,2,"['Ping-Pong: 22 UEs oscillating', 'Unfairness: Jain Index = 0.22']",0.21802006225643603,11.775257,-0.8296236276626581,58.46196,12.202600431442262,0.41137457,0.031186647078300316,True,False,True
High Load,17,AI-Fuzzer,Utility,23,0.7666666666666667,2,"['Ping-Pong: 24 UEs oscillating', 'Unfairness: Jain Index = 0.17']",0.1732790804508097,8.045684,-4.509704995155334,45.04514,6.0119012832641605,0.63559884,0.03795317132067357,True,False,True
High Load,18,AI-Fuzzer,Utility,17,0.5666666666666667,2,"['Ping-Pong: 23 UEs oscillating', 'Unfairness: Jain Index = 0.17']",0.1664770461289171,9.496922,0.28399667441844956,48.553696,14.360557794570923,0.42355478,0.03637972167250478,True,False,True
High Load,19,AI-Fuzzer,Utility,21,0.7,2,"['Ping-Pong: 22 UEs oscillating', 'Unfairness: Jain Index = 0.32']",0.31628299553552536,10.768797,-5.006885290145874,57.86582,5.4290834903717045,0.68905,0.046283880555343576,True,False,True
High Load,0,AI-Fuzzer,ML-Based,27,0.9,1,['QoS Violation: Avg High Prio SINR = -9.68 dB'],0.8137924387246028,-9.5476265,-10.0,2.187944,1.8810487985610962,5.986854,0.06426897924215509,False,True,False
High Load,1,AI-Fuzzer,ML-Based,28,0.9333333333333333,2,"['QoS Violation: Avg High Prio SINR = -10.00 dB', 'Unfairness: Jain Index = 0.03']",0.033598943685935925,-8.592836,-10.0,6.250178,1.8810487985610962,6.059386,0.04368385823855695,False,True,True
High Load,2,AI-Fuzzer,ML-Based,28,0.9333333333333333,2,"['QoS Violation: Avg High Prio SINR = -9.61 dB', 'Unfairness: Jain Index = 0.07']",0.06806769637878385,-8.309567,-10.0,5.5820603,1.8810487985610962,5.750071,0.07035065844127515,False,True,True
High Load,3,AI-Fuzzer,ML-Based,28,0.9333333333333333,3,"['Ping-Pong: 29 UEs oscillating', 'QoS Violation: Avg High Prio SINR = -8.74 dB', 'Unfairness: Jain Index = 0.04']",0.03683732666129253,-8.530818,-10.0,5.155452,1.8810487985610962,5.832596,0.04091896066558105,True,True,True
High Load,4,AI-Fuzzer,ML-Based,26,0.8666666666666667,3,"['Ping-Pong: 30 UEs oscillating', 'QoS Violation: Avg High Prio SINR = -8.11 dB', 'Unfairness: Jain Index = 0.12']",0.12086729123137269,-8.559871,-10.0,4.237272,1.8810487985610962,5.7052455,0.04993069989739546,True,True,True
High Load,5,AI-Fuzzer,ML-Based,28,0.9333333333333333,3,"['Ping-Pong: 29 UEs oscillating', 'QoS Violation: Avg High Prio SINR = -5.34 dB', 'Unfairness: Jain Index = 0.06']",0.06323293888418725,-6.630695,-10.0,11.719252,1.8810487985610962,5.5942874,0.04993069989739546,True,True,True
High Load,6,AI-Fuzzer,ML-Based,28,0.9333333333333333,3,"['Ping-Pong: 29 UEs oscillating', 'QoS Violation: Avg High Prio SINR = -9.27 dB', 'Unfairness: Jain Index = 0.12']",0.12067551218959076,-8.247015,-10.0,4.706251,1.8810487985610962,5.512125,0.053328716328318114,True,True,True
High Load,7,AI-Fuzzer,ML-Based,26,0.8666666666666667,3,"['Ping-Pong: 29 UEs oscillating', 'QoS Violation: Avg High Prio SINR = -9.75 dB', 'Unfairness: Jain Index = 0.07']",0.06796921684205882,-8.763394,-10.0,3.8657138,1.8810487985610962,5.7309065,0.05547855544155052,True,True,True
High Load,8,AI-Fuzzer,ML-Based,29,0.9666666666666667,3,"['Ping-Pong: 29 UEs oscillating', 'QoS Violation: Avg High Prio SINR = -8.88 dB', 'Unfairness: Jain Index = 0.18']",0.18238997787039554,-9.352964,-10.0,2.7047718,1.8810487985610962,5.9922776,0.03795317132067358,True,True,True
High Load,9,AI-Fuzzer,ML-Based,28,0.9333333333333333,3,"['Ping-Pong: 30 UEs oscillating', 'QoS Violation: Avg High Prio SINR = -2.71 dB', 'Unfairness: Jain Index = 0.10']",0.09872571608598657,-3.825591,-10.0,20.280739,1.8810487985610962,5.0289526,0.042323993269525684,True,True,True
High Load,10,AI-Fuzzer,ML-Based,29,0.9666666666666667,3,"['Ping-Pong: 29 UEs oscillating', 'QoS Violation: Avg High Prio SINR = -9.92 dB', 'Unfairness: Jain Index = 0.04']",0.03723675054792864,-8.279669,-10.0,6.510088,1.8810487985610962,5.9288707,0.03795317132067358,True,True,True
High Load,11,AI-Fuzzer,ML-Based,29,0.9666666666666667,2,"['Ping-Pong: 29 UEs oscillating', 'QoS Violation: Avg High Prio SINR = -10.00 dB']",0.9999998410542806,-10.0,-10.0,1.881049,1.8810487985610962,6.3794208,0.04368385823855695,True,True,False
High Load,12,AI-Fuzzer,ML-Based,29,0.9666666666666667,3,"['Ping-Pong: 30 UEs oscillating', 'QoS Violation: Avg High Prio SINR = -10.00 dB', 'Unfairness: Jain Index = 0.03']",0.03352693616977968,-8.666667,-10.0,6.3634024,1.8810487985610962,6.1697073,0.05652281997749828,True,True,True
High Load,13,AI-Fuzzer,ML-Based,29,0.9666666666666667,3,"['Ping-Pong: 30 UEs oscillating', 'QoS Violation: Avg High Prio SINR = -8.95 dB', 'Unfairness: Jain Index = 0.21']",0.21398364708866896,-9.578137,-10.0,2.4891303,1.8810487985610962,6.177533,0.04993069989739546,True,True,True
High Load,14,AI-Fuzzer,ML-Based,26,0.8666666666666667,3,"['Ping-Pong: 30 UEs oscillating', 'QoS Violation: Avg High Prio SINR = -7.28 dB', 'Unfairness: Jain Index = 0.03']",0.034380806393138015,-6.9748755,-10.0,9.452122,1.8810487985610962,5.4857273,0.17007593401259175,True,True,True
High Load,15,AI-Fuzzer,ML-Based,17,0.5666666666666667,3,"['Ping-Pong: 27 UEs oscillating', 'QoS Violation: Avg High Prio SINR = -8.53 dB', 'Unfairness: Jain Index = 0.36']",0.35943746595729553,-9.2045,-10.0,2.6810129,1.8810487985610962,5.852928,0.14400933590337636,True,True,True
High Load,16,AI-Fuzzer,ML-Based,27,0.9,3,"['Ping-Pong: 27 UEs oscillating', 'QoS Violation: Avg High Prio SINR = -8.92 dB', 'Unfairness: Jain Index = 0.07']",0.06784817464760869,-5.959559,-10.0,13.37783,1.8810487985610962,5.396566,0.0998922164595562,True,True,True
High Load,17,AI-Fuzzer,ML-Based,29,0.9666666666666667,3,"['Ping-Pong: 29 UEs oscillating', 'QoS Violation: Avg High Prio SINR = -9.75 dB', 'Unfairness: Jain Index = 0.03']",0.03353349435112857,-8.567639,-10.0,6.4196506,1.8810487985610962,6.0691514,0.042323993269525684,True,True,True
High Load,18,AI-Fuzzer,ML-Based,30,1.0,3,"['Ping-Pong: 30 UEs oscillating', 'QoS Violation: Avg High Prio SINR = -6.39 dB', 'Unfairness: Jain Index = 0.04']",0.03580663467560387,-7.7003818,-10.0,6.5234113,1.8810487985610962,5.363422,0.05855550620448644,True,True,True
High Load,19,AI-Fuzzer,ML-Based,28,0.9333333333333333,3,"['Ping-Pong: 29 UEs oscillating', 'QoS Violation: Avg High Prio SINR = -8.25 dB', 'Unfairness: Jain Index = 0.10']",0.1031685556659084,-8.210323,-10.0,5.4910307,1.8810487985610962,5.7208905,0.04874541750684142,True,True,True
High Load,0,Random-Fuzzer,Baseline,18,0.6,1,['Unfairness: Jain Index = 0.11'],0.1080488833206668,6.433172,-3.668954503536224,38.79452,7.061135649681091,0.6925966,0.045002650310107584,False,False,True
High Load,1,Random-Fuzzer,Baseline,15,0.5,1,['Unfairness: Jain Index = 0.17'],0.1650950500857506,8.639949,-5.090718364715576,47.802296,5.377648997306824,0.67617095,0.04368385823855695,False,False,True
High Load,2,Random-Fuzzer,Baseline,22,0.7333333333333333,1,['Unfairness: Jain Index = 0.07'],0.06709975476455113,6.0033293,-2.896653032302856,35.949287,8.198316264152528,0.6355236,0.04232399326952568,False,False,True
High Load,3,Random-Fuzzer,Baseline,16,0.5333333333333333,2,"['Ping-Pong: 19 UEs oscillating', 'Unfairness: Jain Index = 0.13']",0.12910746250162766,7.1572394,-7.052503395080566,42.872482,3.555134725570679,0.9305683,0.039463936418252604,True,False,True
High Load,4,Random-Fuzzer,Baseline,23,0.7666666666666667,2,"['Ping-Pong: 22 UEs oscillating', 'Unfairness: Jain Index = 0.24']",0.2371344995913907,11.473642,-1.4508070051670074,58.075523,10.657648086547852,0.4551027,0.05754813848019904,True,False,True
High Load,5,Random-Fuzzer,Baseline,22,0.7333333333333333,2,"['Ping-Pong: 22 UEs oscillating', 'Unfairness: Jain Index = 0.12']",0.1249145681196653,7.0048466,-6.706875371932982,41.70603,4.028258609771729,0.8863838,0.03637972167250478,True,False,True
High Load,6,Random-Fuzzer,Baseline,20,0.6666666666666666,2,"['Ping-Pong: 25 UEs oscillating', 'Unfairness: Jain Index = 0.26']",0.2577386637852769,12.422032,-3.636444580554962,62.64757,7.12370297908783,0.51073223,0.039463936418252604,True,False,True
High Load,7,Random-Fuzzer,Baseline,21,0.7,2,"['Ping-Pong: 23 UEs oscillating', 'Unfairness: Jain Index = 0.28']",0.2814794314970718,13.986524,-1.7084685981273648,67.9336,10.276316404342651,0.39329252,0.04993069989739546,True,False,True
High Load,8,Random-Fuzzer,Baseline,24,0.8,2,"['Ping-Pong: 25 UEs oscillating', 'Unfairness: Jain Index = 0.23']",0.2348388175403015,9.866686,-4.32436728477478,53.974255,6.205351996421814,0.70454663,0.02717883049970117,True,False,True
High Load,9,Random-Fuzzer,Baseline,18,0.6,2,"['Ping-Pong: 24 UEs oscillating', 'Unfairness: Jain Index = 0.22']",0.22127595847914713,10.48144,-3.906083559989929,54.787773,6.770961499214173,0.6566811,0.03300857495127506,True,False,True
High Load,10,Random-Fuzzer,Baseline,20,0.6666666666666666,2,"['Ping-Pong: 24 UEs oscillating', 'Unfairness: Jain Index = 0.23']",0.23259560282544195,11.46039,-2.1132075071334837,58.09513,9.555596923828126,0.47041973,0.03637972167250478,True,False,True
High Load,11,Random-Fuzzer,Baseline,23,0.7666666666666667,2,"['Ping-Pong: 21 UEs oscillating', 'Unfairness: Jain Index = 0.19']",0.18796557307272127,8.354048,-4.5295319795608515,46.304787,6.0069289922714235,0.6404039,0.03637972167250478,True,False,True
High Load,12,Random-Fuzzer,Baseline,21,0.7,2,"['Ping-Pong: 24 UEs oscillating', 'Unfairness: Jain Index = 0.31']",0.30656965784583634,13.462862,-1.9797164499759674,66.02975,9.692704105377198,0.40708768,0.03473506995302339,True,False,True
High Load,13,Random-Fuzzer,Baseline,18,0.6,2,"['Ping-Pong: 23 UEs oscillating', 'Unfairness: Jain Index = 0.25']",0.24524198572671524,11.410197,-6.036774110794068,58.990158,4.389606833457947,0.6312248,0.046283880555343576,True,False,True
High Load,14,Random-Fuzzer,Baseline,18,0.6,2,"['Ping-Pong: 21 UEs oscillating', 'Unfairness: Jain Index = 0.26']",0.25604218066637247,11.699096,-1.7127759695053095,59.060688,10.452803874015808,0.45969388,0.04368385823855695,True,False,True
High Load,15,Random-Fuzzer,Baseline,15,0.5,2,"['Ping-Pong: 17 UEs oscillating', 'Unfairness: Jain Index = 0.25']",0.2457589887767379,11.090517,-3.0067693710327146,57.117905,8.010986328125,0.53979623,0.039463936418252604,True,False,True
High Load,16,Random-Fuzzer,Baseline,20,0.6666666666666666,2,"['Ping-Pong: 19 UEs oscillating', 'Unfairness: Jain Index = 0.12']",0.12126220286842755,7.9038854,-3.6888325810432434,43.566364,7.027700877189636,0.5880951,0.04232399326952568,True,False,True
High Load,17,Random-Fuzzer,Baseline,19,0.6333333333333333,2,"['Ping-Pong: 19 UEs oscillating', 'Unfairness: Jain Index = 0.14']",0.13654273380153029,8.855273,-1.6160452365875242,46.24065,10.373790597915649,0.46761164,0.031186647078300316,True,False,True
High Load,18,Random-Fuzzer,Baseline,20,0.6666666666666666,2,"['Ping-Pong: 22 UEs oscillating', 'Unfairness: Jain Index = 0.21']",0.21110552474604255,10.638826,-2.079631221294403,55.1824,9.525412845611573,0.52962124,0.03795317132067357,True,False,True
High Load,19,Random-Fuzzer,Baseline,21,0.7,3,"['Ping-Pong: 21 UEs oscillating', 'QoS Violation: Avg High Prio SINR = 4.63 dB', 'Unfairness: Jain Index = 0.24']",0.23750876754880018,10.061056,-3.290680992603302,53.769634,7.591317296028137,0.59566724,0.04091896066558106,True,True,True
High Load,0,Random-Fuzzer,Utility,25,0.8333333333333334,1,['Unfairness: Jain Index = 0.06'],0.05580623668428434,4.5208354,-4.267868328094482,30.81742,6.42067620754242,0.7593206,0.03300857495127506,False,False,True
High Load,1,Random-Fuzzer,Utility,23,0.7666666666666667,1,['Unfairness: Jain Index = 0.13'],0.1294445648950847,7.3935266,-3.094780945777893,42.166557,7.877959156036377,0.6270122,0.03637972167250478,False,False,True
High Load,2,Random-Fuzzer,Utility,23,0.7666666666666667,1,['Unfairness: Jain Index = 0.16'],0.156357983333226,7.761698,-4.215906167030335,44.82969,6.339701557159424,0.72658086,0.03300857495127506,False,False,True
High Load,3,Random-Fuzzer,Utility,23,0.7666666666666667,2,"['Ping-Pong: 24 UEs oscillating', 'Unfairness: Jain Index = 0.14']",0.14486325605031972,8.607366,-2.1163730382919312,46.614178,9.459211492538453,0.5740195,0.039463936418252604,True,False,True
High Load,4,Random-Fuzzer,Utility,24,0.8,2,"['Ping-Pong: 24 UEs oscillating', 'Unfairness: Jain Index = 0.17']",0.16589031141683552,9.353162,-3.6001996755599976,49.03344,7.1487819194793705,0.5172347,0.03473506995302339,True,False,True
High Load,5,Random-Fuzzer,Utility,20,0.6666666666666666,2,"['Ping-Pong: 25 UEs oscillating', 'Unfairness: Jain Index = 0.12']",0.12118345745605381,6.3342175,-3.4277496099472042,38.199196,7.403948664665222,0.6843837,0.031186647078300316,True,False,True
High Load,6,Random-Fuzzer,Utility,22,0.7333333333333333,2,"['Ping-Pong: 25 UEs oscillating', 'Unfairness: Jain Index = 0.23']",0.22704934868849053,10.366331,-2.333300471305847,54.07094,9.087974357604981,0.53854346,0.039463936418252604,True,False,True
High Load,7,Random-Fuzzer,Utility,20,0.6666666666666666,2,"['Ping-Pong: 25 UEs oscillating', 'Unfairness: Jain Index = 0.16']",0.16457936498888248,7.4719067,-3.9448183774948116,42.892563,6.781919240951538,0.66360736,0.04232399326952568,True,False,True
High Load,8,Random-Fuzzer,Utility,22,0.7333333333333333,2,"['Ping-Pong: 22 UEs oscillating', 'Unfairness: Jain Index = 0.15']",0.15143450796027613,8.617565,-4.228586709499359,47.750847,6.34348042011261,0.6474799,0.04993069989739546,True,False,True
High Load,9,Random-Fuzzer,Utility,26,0.8666666666666667,2,"['Ping-Pong: 22 UEs oscillating', 'Unfairness: Jain Index = 0.16']",0.15818834169922558,8.605978,-2.1584133028984067,46.50629,9.427123546600342,0.54817986,0.04091896066558105,True,False,True
High Load,10,Random-Fuzzer,Utility,26,0.8666666666666667,2,"['Ping-Pong: 28 UEs oscillating', 'Unfairness: Jain Index = 0.11']",0.10861593973548406,8.621767,-2.4627051472663877,45.802162,8.9152987241745,0.5083359,0.03473506995302339,True,False,True
High Load,11,Random-Fuzzer,Utility,22,0.7333333333333333,2,"['Ping-Pong: 28 UEs oscillating', 'Unfairness: Jain Index = 0.20']",0.1978696658329678,8.711036,-2.592867451906204,48.016056,8.702543473243713,0.6194003,0.03795317132067357,True,False,True
High Load,12,Random-Fuzzer,Utility,20,0.6666666666666666,2,"['Ping-Pong: 26 UEs oscillating', 'Unfairness: Jain Index = 0.23']",0.2304459215696911,9.943421,-2.545876371860504,52.483635,8.750040054321289,0.5403768,0.03300857495127506,True,False,True
High Load,13,Random-Fuzzer,Utility,23,0.7666666666666667,2,"['Ping-Pong: 25 UEs oscillating', 'Unfairness: Jain Index = 0.16']",0.1591875714720199,8.149274,-2.3555667400360107,45.46697,9.086753129959106,0.61006796,0.03118664707830032,True,False,True
High Load,14,Random-Fuzzer,Utility,24,0.8,2,"['Ping-Pong: 23 UEs oscillating', 'Unfairness: Jain Index = 0.19']",0.18959743895683992,10.74965,-2.8857919931411744,54.74371,8.200231218338013,0.4797062,0.029251459650058015,True,False,True
High Load,15,Random-Fuzzer,Utility,23,0.7666666666666667,2,"['Ping-Pong: 25 UEs oscillating', 'Unfairness: Jain Index = 0.22']",0.2240794461036925,9.992426,-1.2918472558259961,51.980022,10.98003740310669,0.48991603,0.03473506995302339,True,False,True
High Load,16,Random-Fuzzer,Utility,21,0.7,2,"['Ping-Pong: 26 UEs oscillating', 'Unfairness: Jain Index = 0.20']",0.19568610946680035,8.359201,-1.8762760400772094,46.327663,9.930638456344605,0.5995511,0.03473506995302339,True,False,True
High Load,17,Random-Fuzzer,Utility,23,0.7666666666666667,2,"['Ping-Pong: 25 UEs oscillating', 'Unfairness: Jain Index = 0.24']",0.244408495718216,10.5176115,-3.142325747013092,54.775826,7.811148333549499,0.53446865,0.04368385823855695,True,False,True
High Load,18,Random-Fuzzer,Utility,22,0.7333333333333333,2,"['Ping-Pong: 26 UEs oscillating', 'Unfairness: Jain Index = 0.19']",0.1909785657545529,9.008241,-2.934572923183441,48.850613,8.131943440437317,0.589079,0.04091896066558105,True,False,True
High Load,19,Random-Fuzzer,Utility,18,0.6,3,"['Ping-Pong: 24 UEs oscillating', 'QoS Violation: Avg High Prio SINR = 4.52 dB', 'Unfairness: Jain Index = 0.12']",0.11856204233806264,6.596977,-2.3723982214927672,38.4519,9.025514554977416,0.61345315,0.03473506995302339,True,True,True
High Load,0,Random-Fuzzer,ML-Based,28,0.9333333333333333,2,"['QoS Violation: Avg High Prio SINR = 0.71 dB', 'Unfairness: Jain Index = 0.05']",0.05173433968157418,2.4594514,-10.0,28.681854,1.8810487985610962,1.9963132,0.05332871632831812,False,True,True
High Load,1,Random-Fuzzer,ML-Based,30,1.0,2,"['QoS Violation: Avg High Prio SINR = -6.85 dB', 'Unfairness: Jain Index = 0.05']",0.051526674200975515,-8.669333,-10.0,4.2357163,1.8810487985610962,5.757387,0.19234343963039643,False,True,True
High Load,2,Random-Fuzzer,ML-Based,9,0.3,1,['QoS Violation: Avg High Prio SINR = -10.00 dB'],0.9999998410542806,-10.0,-10.0,1.881049,1.8810487985610962,6.3794208,0.17714955173844688,False,True,False
High Load,3,Random-Fuzzer,ML-Based,21,0.7,2,"['Ping-Pong: 21 UEs oscillating', 'QoS Violation: Avg High Prio SINR = -9.75 dB']",0.5382478217787006,-9.609438,-10.0,2.2400403,1.8810487985610962,6.101423,0.12626704712594092,True,True,False
High Load,4,Random-Fuzzer,ML-Based,18,0.6,3,"['Ping-Pong: 21 UEs oscillating', 'QoS Violation: Avg High Prio SINR = -10.00 dB', 'Unfairness: Jain Index = 0.03']",0.03392870779760371,-8.828875,-10.0,5.62762,1.8810487985610962,6.170274,0.19234343963039646,True,True,True
High Load,5,Random-Fuzzer,ML-Based,27,0.9,2,"['Ping-Pong: 21 UEs oscillating', 'QoS Violation: Avg High Prio SINR = -10.00 dB']",0.4715484812338602,-9.449754,-10.0,2.4334898,1.8810487985610962,6.0340214,0.10047593728614984,True,True,False
High Load,6,Random-Fuzzer,ML-Based,24,0.8,3,"['Ping-Pong: 29 UEs oscillating', 'QoS Violation: Avg High Prio SINR = -9.83 dB', 'Unfairness: Jain Index = 0.04']",0.03640553628406812,-8.9348545,-10.0,4.6535187,1.8810487985610962,6.030632,0.1464255551920374,True,True,True
High Load,7,Random-Fuzzer,ML-Based,24,0.8,2,"['Ping-Pong: 28 UEs oscillating', 'QoS Violation: Avg High Prio SINR = -9.84 dB']",0.9909581098901384,-9.937329,-10.0,1.912676,1.8810487985610962,6.3081236,0.10163332181024728,True,True,False
High Load,8,Random-Fuzzer,ML-Based,26,0.8666666666666667,3,"['Ping-Pong: 28 UEs oscillating', 'QoS Violation: Avg High Prio SINR = -10.00 dB', 'Unfairness: Jain Index = 0.18']",0.18138516965239457,-9.562428,-10.0,2.5529404,1.8810487985610962,6.184924,0.09570653822446214,True,True,True
High Load,9,Random-Fuzzer,ML-Based,23,0.7666666666666667,2,"['Ping-Pong: 28 UEs oscillating', 'QoS Violation: Avg High Prio SINR = -10.00 dB']",0.9999998410542806,-10.0,-10.0,1.881049,1.8810487985610962,6.3794208,0.09692089345216234,True,True,False
High Load,10,Random-Fuzzer,ML-Based,21,0.7,2,"['Ping-Pong: 26 UEs oscillating', 'QoS Violation: Avg High Prio SINR = -9.28 dB']",0.5282645838775356,-9.695392,-10.0,2.189479,1.8810487985610962,6.1837983,0.17747935864618214,True,True,False
High Load,11,Random-Fuzzer,ML-Based,28,0.9333333333333333,2,"['Ping-Pong: 28 UEs oscillating', 'QoS Violation: Avg High Prio SINR = -9.13 dB']",0.7574635564526389,-9.476392,-10.0,2.2546349,1.8810487985610962,5.9398746,0.07517293082676685,True,True,False
High Load,12,Random-Fuzzer,ML-Based,24,0.8,3,"['Ping-Pong: 29 UEs oscillating', 'QoS Violation: Avg High Prio SINR = -7.66 dB', 'Unfairness: Jain Index = 0.04']",0.03703557982099443,-7.731209,-10.0,8.934149,1.8810487985610962,5.9263005,0.14072319038705597,True,True,True
High Load,13,Random-Fuzzer,ML-Based,27,0.9,3,"['Ping-Pong: 29 UEs oscillating', 'QoS Violation: Avg High Prio SINR = -10.00 dB', 'Unfairness: Jain Index = 0.10']",0.10363397281382843,-9.476885,-10.0,2.8378053,1.8810487985610962,6.1798525,0.09068665251452691,True,True,True
High Load,14,Random-Fuzzer,ML-Based,27,0.9,3,"['Ping-Pong: 27 UEs oscillating', 'QoS Violation: Avg High Prio SINR = -7.84 dB', 'Unfairness: Jain Index = 0.04']",0.041599758070188,-8.95246,-10.0,4.1781454,1.8810487985610962,5.964826,0.13521297451226452,True,True,True
High Load,15,Random-Fuzzer,ML-Based,27,0.9,3,"['Ping-Pong: 28 UEs oscillating', 'QoS Violation: Avg High Prio SINR = -7.89 dB', 'Unfairness: Jain Index = 0.04']",0.04394762373150093,-7.962807,-10.0,7.6989026,1.8810487985610962,5.880308,0.07439092998987436,True,True,True
High Load,16,Random-Fuzzer,ML-Based,28,0.9333333333333333,3,"['Ping-Pong: 29 UEs oscillating', 'QoS Violation: Avg High Prio SINR = -8.93 dB', 'Unfairness: Jain Index = 0.20']",0.2000345179516819,-9.45862,-10.0,2.5945277,1.8810487985610962,6.076216,0.1225058964919024,True,True,True
High Load,17,Random-Fuzzer,ML-Based,27,0.9,3,"['Ping-Pong: 29 UEs oscillating', 'QoS Violation: Avg High Prio SINR = -5.62 dB', 'Unfairness: Jain Index = 0.04']",0.037648307627985676,-8.060959,-10.0,6.4326606,1.8810487985610962,5.7009463,0.06781104593013224,True,True,True
High Load,18,Random-Fuzzer,ML-Based,27,0.9,2,"['Ping-Pong: 29 UEs oscillating', 'QoS Violation: Avg High Prio SINR = -9.32 dB']",0.9009447353364884,-9.651274,-10.0,2.0841784,1.8810487985610962,6.023547,0.11663698342873444,True,True,False
High Load,19,Random-Fuzzer,ML-Based,29,0.9666666666666667,2,"['Ping-Pong: 29 UEs oscillating', 'QoS Violation: Avg High Prio SINR = -9.73 dB']",0.8531135421248132,-9.717067,-10.0,2.0718951,1.8810487985610962,6.1305094,0.0900394906691673,True,True,False
